CharacterID,Linkage,Kind,AssetGroup,SlotRef,SourceSWF,SHA256
10687,aal,generic,,,Assets_20260731.swf,54ab0ac2693fbdd0afa0491e122bdbc96d942c2e29bbce81d2f54d5e5243f8a0
10685,abys1,skill_visual,abys,a1,Assets_20260731.swf,54ab0ac2693fbdd0afa0491e122bdbc96d942c2e29bbce81d2f54d5e5243f8a0
10683,abys2,skill_visual,abys,a2,Assets_20260731.swf,54ab0ac2693fbdd0afa0491e122bdbc96d942c2e29bbce81d2f54d5e5243f8a0
10681,abys3,skill_visual,abys,a3,Assets_20260731.swf,54ab0ac2693fbdd0afa0491e122bdbc96d942c2e29bbce81d2f54d5e5243f8a0
10679,abys4,skill_visual,abys,a4,Assets_20260731.swf,54ab0ac2693fbdd0afa0491e122bdbc96d942c2e29bbce81d2f54d5e5243f8a0
10677,abysaa,skill_visual,abys,aa,Assets_20260731.swf,54ab0ac2693fbdd0afa0491e122bdbc96d942c2e29bbce81d2f54d5e5243f8a0
10675,adc1,skill_visual,adc,a1,Assets_20260731.swf,54ab0ac2693fbdd0afa0491e122bdbc96d942c2e29bbce81d2f54d5e5243f8a0
10661,adc2,skill_visual,adc,a2,Assets_20260731.swf,54ab0ac2693fbdd0afa0491e122bdbc96d942c2e29bbce81d2f54d5e5243f8a0
10646,adc3,skill_visual,adc,a3,Assets_20260731.swf,54ab0ac2693fbdd0afa0491e122bdbc96d942c2e29bbce81d2f54d5e5243f8a0
10640,adc4,skill_visual,adc,a4,Assets_20260731.swf,54ab0ac2693fbdd0afa0491e122bdbc96d942c2e29bbce81d2f54d5e5243f8a0
10635,ArchMagea1,skill_visual,ArchMage,a1,Assets_20260731.swf,54ab0ac2693fbdd0afa0491e122bdbc96d942c2e29bbce81d2f54d5e5243f8a0
10623,ArchMagea2,skill_visual,ArchMage,a2,Assets_20260731.swf,54ab0ac2693fbdd0afa0491e122bdbc96d942c2e29bbce81d2f54d5e5243f8a0
10612,ArchMagea3,skill_visual,ArchMage,a3,Assets_20260731.swf,54ab0ac2693fbdd0afa0491e122bdbc96d942c2e29bbce81d2f54d5e5243f8a0
10598,ArchMagea4,skill_visual,ArchMage,a4,Assets_20260731.swf,54ab0ac2693fbdd0afa0491e122bdbc96d942c2e29bbce81d2f54d5e5243f8a0
10591,ArchMageaa,skill_visual,ArchMage,aa,Assets_20260731.swf,54ab0ac2693fbdd0afa0491e122bdbc96d942c2e29bbce81d2f54d5e5243f8a0
10578,ArchMagep,generic,,,Assets_20260731.swf,54ab0ac2693fbdd0afa0491e122bdbc96d942c2e29bbce81d2f54d5e5243f8a0
10564,AoTa1,skill_visual,AoT,a1,Assets_20260731.swf,54ab0ac2693fbdd0afa0491e122bdbc96d942c2e29bbce81d2f54d5e5243f8a0
10560,AoTa2,skill_visual,AoT,a2,Assets_20260731.swf,54ab0ac2693fbdd0afa0491e122bdbc96d942c2e29bbce81d2f54d5e5243f8a0
10554,AoTa3,skill_visual,AoT,a3,Assets_20260731.swf,54ab0ac2693fbdd0afa0491e122bdbc96d942c2e29bbce81d2f54d5e5243f8a0
10548,AoTa4,skill_visual,AoT,a4,Assets_20260731.swf,54ab0ac2693fbdd0afa0491e122bdbc96d942c2e29bbce81d2f54d5e5243f8a0
10544,AoTaa,skill_visual,AoT,aa,Assets_20260731.swf,54ab0ac2693fbdd0afa0491e122bdbc96d942c2e29bbce81d2f54d5e5243f8a0
10474,AoTp1,skill_visual,AoT,p1,Assets_20260731.swf,54ab0ac2693fbdd0afa0491e122bdbc96d942c2e29bbce81d2f54d5e5243f8a0
10428,apal1,skill_visual,apal,a1,Assets_20260731.swf,54ab0ac2693fbdd0afa0491e122bdbc96d942c2e29bbce81d2f54d5e5243f8a0
10419,apal2,skill_visual,apal,a2,Assets_20260731.swf,54ab0ac2693fbdd0afa0491e122bdbc96d942c2e29bbce81d2f54d5e5243f8a0
10418,apal3,skill_visual,apal,a3,Assets_20260731.swf,54ab0ac2693fbdd0afa0491e122bdbc96d942c2e29bbce81d2f54d5e5243f8a0
10415,apal4,skill_visual,apal,a4,Assets_20260731.swf,54ab0ac2693fbdd0afa0491e122bdbc96d942c2e29bbce81d2f54d5e5243f8a0
10412,ArcInva1,skill_visual,ArcInv,a1,Assets_20260731.swf,54ab0ac2693fbdd0afa0491e122bdbc96d942c2e29bbce81d2f54d5e5243f8a0
10404,ArcInva2,skill_visual,ArcInv,a2,Assets_20260731.swf,54ab0ac2693fbdd0afa0491e122bdbc96d942c2e29bbce81d2f54d5e5243f8a0
10394,ArcInva3,skill_visual,ArcInv,a3,Assets_20260731.swf,54ab0ac2693fbdd0afa0491e122bdbc96d942c2e29bbce81d2f54d5e5243f8a0
10385,ArcInva4,skill_visual,ArcInv,a4,Assets_20260731.swf,54ab0ac2693fbdd0afa0491e122bdbc96d942c2e29bbce81d2f54d5e5243f8a0
10374,ArcInvaa,skill_visual,ArcInv,aa,Assets_20260731.swf,54ab0ac2693fbdd0afa0491e122bdbc96d942c2e29bbce81d2f54d5e5243f8a0
10363,ArcInvp1,skill_visual,ArcInv,p1,Assets_20260731.swf,54ab0ac2693fbdd0afa0491e122bdbc96d942c2e29bbce81d2f54d5e5243f8a0
10354,Berska1,skill_visual,Bersk,a1,Assets_20260731.swf,54ab0ac2693fbdd0afa0491e122bdbc96d942c2e29bbce81d2f54d5e5243f8a0
10351,Berska2,skill_visual,Bersk,a2,Assets_20260731.swf,54ab0ac2693fbdd0afa0491e122bdbc96d942c2e29bbce81d2f54d5e5243f8a0
10348,Berska3,skill_visual,Bersk,a3,Assets_20260731.swf,54ab0ac2693fbdd0afa0491e122bdbc96d942c2e29bbce81d2f54d5e5243f8a0
10343,Berska4,skill_visual,Bersk,a4,Assets_20260731.swf,54ab0ac2693fbdd0afa0491e122bdbc96d942c2e29bbce81d2f54d5e5243f8a0
10340,Berskaa,skill_visual,Bersk,aa,Assets_20260731.swf,54ab0ac2693fbdd0afa0491e122bdbc96d942c2e29bbce81d2f54d5e5243f8a0
10336,Berskp1,skill_visual,Bersk,p1,Assets_20260731.swf,54ab0ac2693fbdd0afa0491e122bdbc96d942c2e29bbce81d2f54d5e5243f8a0
10326,chass1,skill_visual,chass,a1,Assets_20260731.swf,54ab0ac2693fbdd0afa0491e122bdbc96d942c2e29bbce81d2f54d5e5243f8a0
10325,chass2,skill_visual,chass,a2,Assets_20260731.swf,54ab0ac2693fbdd0afa0491e122bdbc96d942c2e29bbce81d2f54d5e5243f8a0
10322,chass3,skill_visual,chass,a3,Assets_20260731.swf,54ab0ac2693fbdd0afa0491e122bdbc96d942c2e29bbce81d2f54d5e5243f8a0
10321,chass4,skill_visual,chass,a4,Assets_20260731.swf,54ab0ac2693fbdd0afa0491e122bdbc96d942c2e29bbce81d2f54d5e5243f8a0
10316,Chavengea1,skill_visual,Chavenge,a1,Assets_20260731.swf,54ab0ac2693fbdd0afa0491e122bdbc96d942c2e29bbce81d2f54d5e5243f8a0
10314,Chavengea2,skill_visual,Chavenge,a2,Assets_20260731.swf,54ab0ac2693fbdd0afa0491e122bdbc96d942c2e29bbce81d2f54d5e5243f8a0
10307,Chavengea3,skill_visual,Chavenge,a3,Assets_20260731.swf,54ab0ac2693fbdd0afa0491e122bdbc96d942c2e29bbce81d2f54d5e5243f8a0
10305,Chavengea4,skill_visual,Chavenge,a4,Assets_20260731.swf,54ab0ac2693fbdd0afa0491e122bdbc96d942c2e29bbce81d2f54d5e5243f8a0
10303,Chavengeaa,skill_visual,Chavenge,aa,Assets_20260731.swf,54ab0ac2693fbdd0afa0491e122bdbc96d942c2e29bbce81d2f54d5e5243f8a0
10301,ChavengePass,skill_visual,Chavenge,p1,Assets_20260731.swf,54ab0ac2693fbdd0afa0491e122bdbc96d942c2e29bbce81d2f54d5e5243f8a0
10299,cchronoA1,skill_visual,cchrono,a1,Assets_20260731.swf,54ab0ac2693fbdd0afa0491e122bdbc96d942c2e29bbce81d2f54d5e5243f8a0
10296,cchronoA2,skill_visual,cchrono,a2,Assets_20260731.swf,54ab0ac2693fbdd0afa0491e122bdbc96d942c2e29bbce81d2f54d5e5243f8a0
10294,uchronoA2,skill_visual,uchrono,a2,Assets_20260731.swf,54ab0ac2693fbdd0afa0491e122bdbc96d942c2e29bbce81d2f54d5e5243f8a0
10292,cchronoA3,skill_visual,cchrono,a3,Assets_20260731.swf,54ab0ac2693fbdd0afa0491e122bdbc96d942c2e29bbce81d2f54d5e5243f8a0
10289,uchronoA3,skill_visual,uchrono,a3,Assets_20260731.swf,54ab0ac2693fbdd0afa0491e122bdbc96d942c2e29bbce81d2f54d5e5243f8a0
10286,cchronoA4,skill_visual,cchrono,a4,Assets_20260731.swf,54ab0ac2693fbdd0afa0491e122bdbc96d942c2e29bbce81d2f54d5e5243f8a0
10281,uchronoA4,skill_visual,uchrono,a4,Assets_20260731.swf,54ab0ac2693fbdd0afa0491e122bdbc96d942c2e29bbce81d2f54d5e5243f8a0
10274,cchronoAA,skill_visual,cchrono,aa,Assets_20260731.swf,54ab0ac2693fbdd0afa0491e122bdbc96d942c2e29bbce81d2f54d5e5243f8a0
10271,uchronoAA,skill_visual,uchrono,aa,Assets_20260731.swf,54ab0ac2693fbdd0afa0491e122bdbc96d942c2e29bbce81d2f54d5e5243f8a0
10266,cchronoEC,generic,,,Assets_20260731.swf,54ab0ac2693fbdd0afa0491e122bdbc96d942c2e29bbce81d2f54d5e5243f8a0
10263,uchronoEC,generic,,,Assets_20260731.swf,54ab0ac2693fbdd0afa0491e122bdbc96d942c2e29bbce81d2f54d5e5243f8a0
10260,cchronoFC,generic,,,Assets_20260731.swf,54ab0ac2693fbdd0afa0491e122bdbc96d942c2e29bbce81d2f54d5e5243f8a0
10257,uchronoFC,generic,,,Assets_20260731.swf,54ab0ac2693fbdd0afa0491e122bdbc96d942c2e29bbce81d2f54d5e5243f8a0
10254,cchronoHGoPa,generic,,,Assets_20260731.swf,54ab0ac2693fbdd0afa0491e122bdbc96d942c2e29bbce81d2f54d5e5243f8a0
10247,uchronoHGoPa,generic,,,Assets_20260731.swf,54ab0ac2693fbdd0afa0491e122bdbc96d942c2e29bbce81d2f54d5e5243f8a0
10241,cchronoHGoPo,generic,,,Assets_20260731.swf,54ab0ac2693fbdd0afa0491e122bdbc96d942c2e29bbce81d2f54d5e5243f8a0
10235,uchronoHGoPo,generic,,,Assets_20260731.swf,54ab0ac2693fbdd0afa0491e122bdbc96d942c2e29bbce81d2f54d5e5243f8a0
10229,cchronoHGoT,generic,,,Assets_20260731.swf,54ab0ac2693fbdd0afa0491e122bdbc96d942c2e29bbce81d2f54d5e5243f8a0
10213,uchronoHGoT,generic,,,Assets_20260731.swf,54ab0ac2693fbdd0afa0491e122bdbc96d942c2e29bbce81d2f54d5e5243f8a0
10197,cchronoIC,generic,,,Assets_20260731.swf,54ab0ac2693fbdd0afa0491e122bdbc96d942c2e29bbce81d2f54d5e5243f8a0
10194,uchronoIC,generic,,,Assets_20260731.swf,54ab0ac2693fbdd0afa0491e122bdbc96d942c2e29bbce81d2f54d5e5243f8a0
10191,cchronoP,generic,,,Assets_20260731.swf,54ab0ac2693fbdd0afa0491e122bdbc96d942c2e29bbce81d2f54d5e5243f8a0
10189,uchronoP,generic,,,Assets_20260731.swf,54ab0ac2693fbdd0afa0491e122bdbc96d942c2e29bbce81d2f54d5e5243f8a0
10187,dai1,skill_visual,dai,a1,Assets_20260731.swf,54ab0ac2693fbdd0afa0491e122bdbc96d942c2e29bbce81d2f54d5e5243f8a0
10186,dai2,skill_visual,dai,a2,Assets_20260731.swf,54ab0ac2693fbdd0afa0491e122bdbc96d942c2e29bbce81d2f54d5e5243f8a0
10183,dai3,skill_visual,dai,a3,Assets_20260731.swf,54ab0ac2693fbdd0afa0491e122bdbc96d942c2e29bbce81d2f54d5e5243f8a0
10178,dai4,skill_visual,dai,a4,Assets_20260731.swf,54ab0ac2693fbdd0afa0491e122bdbc96d942c2e29bbce81d2f54d5e5243f8a0
10175,DMNa1,skill_visual,DMN,a1,Assets_20260731.swf,54ab0ac2693fbdd0afa0491e122bdbc96d942c2e29bbce81d2f54d5e5243f8a0
10164,DMNa2,skill_visual,DMN,a2,Assets_20260731.swf,54ab0ac2693fbdd0afa0491e122bdbc96d942c2e29bbce81d2f54d5e5243f8a0
10152,DMNa3,skill_visual,DMN,a3,Assets_20260731.swf,54ab0ac2693fbdd0afa0491e122bdbc96d942c2e29bbce81d2f54d5e5243f8a0
10141,DMNa4,skill_visual,DMN,a4,Assets_20260731.swf,54ab0ac2693fbdd0afa0491e122bdbc96d942c2e29bbce81d2f54d5e5243f8a0
10132,DMNaa,skill_visual,DMN,aa,Assets_20260731.swf,54ab0ac2693fbdd0afa0491e122bdbc96d942c2e29bbce81d2f54d5e5243f8a0
10121,DMNp,generic,,,Assets_20260731.swf,54ab0ac2693fbdd0afa0491e122bdbc96d942c2e29bbce81d2f54d5e5243f8a0
10106,drak1,skill_visual,drak,a1,Assets_20260731.swf,54ab0ac2693fbdd0afa0491e122bdbc96d942c2e29bbce81d2f54d5e5243f8a0
10104,drak2,skill_visual,drak,a2,Assets_20260731.swf,54ab0ac2693fbdd0afa0491e122bdbc96d942c2e29bbce81d2f54d5e5243f8a0
10102,drak3,skill_visual,drak,a3,Assets_20260731.swf,54ab0ac2693fbdd0afa0491e122bdbc96d942c2e29bbce81d2f54d5e5243f8a0
10098,drak4,skill_visual,drak,a4,Assets_20260731.swf,54ab0ac2693fbdd0afa0491e122bdbc96d942c2e29bbce81d2f54d5e5243f8a0
10096,Drakkara1,skill_visual,Drakkar,a1,Assets_20260731.swf,54ab0ac2693fbdd0afa0491e122bdbc96d942c2e29bbce81d2f54d5e5243f8a0
10087,Drakkara2,skill_visual,Drakkar,a2,Assets_20260731.swf,54ab0ac2693fbdd0afa0491e122bdbc96d942c2e29bbce81d2f54d5e5243f8a0
10080,Drakkara3,skill_visual,Drakkar,a3,Assets_20260731.swf,54ab0ac2693fbdd0afa0491e122bdbc96d942c2e29bbce81d2f54d5e5243f8a0
10070,Drakkara4,skill_visual,Drakkar,a4,Assets_20260731.swf,54ab0ac2693fbdd0afa0491e122bdbc96d942c2e29bbce81d2f54d5e5243f8a0
10063,Drakkaraa,skill_visual,Drakkar,aa,Assets_20260731.swf,54ab0ac2693fbdd0afa0491e122bdbc96d942c2e29bbce81d2f54d5e5243f8a0
10051,Drakkarp1,skill_visual,Drakkar,p1,Assets_20260731.swf,54ab0ac2693fbdd0afa0491e122bdbc96d942c2e29bbce81d2f54d5e5243f8a0
10041,dsg1,skill_visual,dsg,a1,Assets_20260731.swf,54ab0ac2693fbdd0afa0491e122bdbc96d942c2e29bbce81d2f54d5e5243f8a0
10034,dsg2,skill_visual,dsg,a2,Assets_20260731.swf,54ab0ac2693fbdd0afa0491e122bdbc96d942c2e29bbce81d2f54d5e5243f8a0
10032,dsg3,skill_visual,dsg,a3,Assets_20260731.swf,54ab0ac2693fbdd0afa0491e122bdbc96d942c2e29bbce81d2f54d5e5243f8a0
10028,dsg4,skill_visual,dsg,a4,Assets_20260731.swf,54ab0ac2693fbdd0afa0491e122bdbc96d942c2e29bbce81d2f54d5e5243f8a0
10021,EDoTa1,skill_visual,EDoT,a1,Assets_20260731.swf,54ab0ac2693fbdd0afa0491e122bdbc96d942c2e29bbce81d2f54d5e5243f8a0
10008,EDoTa2,skill_visual,EDoT,a2,Assets_20260731.swf,54ab0ac2693fbdd0afa0491e122bdbc96d942c2e29bbce81d2f54d5e5243f8a0
9981,EDoTa3,skill_visual,EDoT,a3,Assets_20260731.swf,54ab0ac2693fbdd0afa0491e122bdbc96d942c2e29bbce81d2f54d5e5243f8a0
9961,EDoTa4,skill_visual,EDoT,a4,Assets_20260731.swf,54ab0ac2693fbdd0afa0491e122bdbc96d942c2e29bbce81d2f54d5e5243f8a0
9947,EDoTaa,skill_visual,EDoT,aa,Assets_20260731.swf,54ab0ac2693fbdd0afa0491e122bdbc96d942c2e29bbce81d2f54d5e5243f8a0
9921,EDoTp,generic,,,Assets_20260731.swf,54ab0ac2693fbdd0afa0491e122bdbc96d942c2e29bbce81d2f54d5e5243f8a0
9900,eternala1,skill_visual,eternal,a1,Assets_20260731.swf,54ab0ac2693fbdd0afa0491e122bdbc96d942c2e29bbce81d2f54d5e5243f8a0
9898,eternala2,skill_visual,eternal,a2,Assets_20260731.swf,54ab0ac2693fbdd0afa0491e122bdbc96d942c2e29bbce81d2f54d5e5243f8a0
9894,eternala3,skill_visual,eternal,a3,Assets_20260731.swf,54ab0ac2693fbdd0afa0491e122bdbc96d942c2e29bbce81d2f54d5e5243f8a0
9893,eternala4,skill_visual,eternal,a4,Assets_20260731.swf,54ab0ac2693fbdd0afa0491e122bdbc96d942c2e29bbce81d2f54d5e5243f8a0
9891,eternalaa,skill_visual,eternal,aa,Assets_20260731.swf,54ab0ac2693fbdd0afa0491e122bdbc96d942c2e29bbce81d2f54d5e5243f8a0
9886,exaltha1,skill_visual,exalth,a1,Assets_20260731.swf,54ab0ac2693fbdd0afa0491e122bdbc96d942c2e29bbce81d2f54d5e5243f8a0
9884,exaltha2,skill_visual,exalth,a2,Assets_20260731.swf,54ab0ac2693fbdd0afa0491e122bdbc96d942c2e29bbce81d2f54d5e5243f8a0
9882,exaltha3,skill_visual,exalth,a3,Assets_20260731.swf,54ab0ac2693fbdd0afa0491e122bdbc96d942c2e29bbce81d2f54d5e5243f8a0
9880,exaltha4,skill_visual,exalth,a4,Assets_20260731.swf,54ab0ac2693fbdd0afa0491e122bdbc96d942c2e29bbce81d2f54d5e5243f8a0
9878,exalthaa,skill_visual,exalth,aa,Assets_20260731.swf,54ab0ac2693fbdd0afa0491e122bdbc96d942c2e29bbce81d2f54d5e5243f8a0
9876,frostMonka1,skill_visual,frostMonk,a1,Assets_20260731.swf,54ab0ac2693fbdd0afa0491e122bdbc96d942c2e29bbce81d2f54d5e5243f8a0
9873,imr3,icon,,,Assets_20260731.swf,54ab0ac2693fbdd0afa0491e122bdbc96d942c2e29bbce81d2f54d5e5243f8a0
9871,ims6,icon,,,Assets_20260731.swf,54ab0ac2693fbdd0afa0491e122bdbc96d942c2e29bbce81d2f54d5e5243f8a0
9869,frostMonka2,skill_visual,frostMonk,a2,Assets_20260731.swf,54ab0ac2693fbdd0afa0491e122bdbc96d942c2e29bbce81d2f54d5e5243f8a0
9864,frostMonka3,skill_visual,frostMonk,a3,Assets_20260731.swf,54ab0ac2693fbdd0afa0491e122bdbc96d942c2e29bbce81d2f54d5e5243f8a0
9854,frostMonka4,skill_visual,frostMonk,a4,Assets_20260731.swf,54ab0ac2693fbdd0afa0491e122bdbc96d942c2e29bbce81d2f54d5e5243f8a0
9850,frostMonkaa,skill_visual,frostMonk,aa,Assets_20260731.swf,54ab0ac2693fbdd0afa0491e122bdbc96d942c2e29bbce81d2f54d5e5243f8a0
9848,frostvba1,skill_visual,frostvb,a1,Assets_20260731.swf,54ab0ac2693fbdd0afa0491e122bdbc96d942c2e29bbce81d2f54d5e5243f8a0
9846,frostvba2,skill_visual,frostvb,a2,Assets_20260731.swf,54ab0ac2693fbdd0afa0491e122bdbc96d942c2e29bbce81d2f54d5e5243f8a0
9842,frostvba3,skill_visual,frostvb,a3,Assets_20260731.swf,54ab0ac2693fbdd0afa0491e122bdbc96d942c2e29bbce81d2f54d5e5243f8a0
9840,frostvba4,skill_visual,frostvb,a4,Assets_20260731.swf,54ab0ac2693fbdd0afa0491e122bdbc96d942c2e29bbce81d2f54d5e5243f8a0
9838,frostvbaa,skill_visual,frostvb,aa,Assets_20260731.swf,54ab0ac2693fbdd0afa0491e122bdbc96d942c2e29bbce81d2f54d5e5243f8a0
9836,frostvbp,generic,,,Assets_20260731.swf,54ab0ac2693fbdd0afa0491e122bdbc96d942c2e29bbce81d2f54d5e5243f8a0
9834,FSRa1,skill_visual,FSR,a1,Assets_20260731.swf,54ab0ac2693fbdd0afa0491e122bdbc96d942c2e29bbce81d2f54d5e5243f8a0
9832,FSRa2,skill_visual,FSR,a2,Assets_20260731.swf,54ab0ac2693fbdd0afa0491e122bdbc96d942c2e29bbce81d2f54d5e5243f8a0
9830,FSRa3,skill_visual,FSR,a3,Assets_20260731.swf,54ab0ac2693fbdd0afa0491e122bdbc96d942c2e29bbce81d2f54d5e5243f8a0
9828,FSRa4,skill_visual,FSR,a4,Assets_20260731.swf,54ab0ac2693fbdd0afa0491e122bdbc96d942c2e29bbce81d2f54d5e5243f8a0
9826,FSRaa,skill_visual,FSR,aa,Assets_20260731.swf,54ab0ac2693fbdd0afa0491e122bdbc96d942c2e29bbce81d2f54d5e5243f8a0
9824,FSRp1,skill_visual,FSR,p1,Assets_20260731.swf,54ab0ac2693fbdd0afa0491e122bdbc96d942c2e29bbce81d2f54d5e5243f8a0
9822,glaber1,skill_visual,glaber,a1,Assets_20260731.swf,54ab0ac2693fbdd0afa0491e122bdbc96d942c2e29bbce81d2f54d5e5243f8a0
9819,glaber2,skill_visual,glaber,a2,Assets_20260731.swf,54ab0ac2693fbdd0afa0491e122bdbc96d942c2e29bbce81d2f54d5e5243f8a0
9817,glaber3,skill_visual,glaber,a3,Assets_20260731.swf,54ab0ac2693fbdd0afa0491e122bdbc96d942c2e29bbce81d2f54d5e5243f8a0
9813,glaber4,skill_visual,glaber,a4,Assets_20260731.swf,54ab0ac2693fbdd0afa0491e122bdbc96d942c2e29bbce81d2f54d5e5243f8a0
9810,glaberaa,skill_visual,glaber,aa,Assets_20260731.swf,54ab0ac2693fbdd0afa0491e122bdbc96d942c2e29bbce81d2f54d5e5243f8a0
9804,gt1,skill_visual,gt,a1,Assets_20260731.swf,54ab0ac2693fbdd0afa0491e122bdbc96d942c2e29bbce81d2f54d5e5243f8a0
9802,gt2,skill_visual,gt,a2,Assets_20260731.swf,54ab0ac2693fbdd0afa0491e122bdbc96d942c2e29bbce81d2f54d5e5243f8a0
9799,gt3,skill_visual,gt,a3,Assets_20260731.swf,54ab0ac2693fbdd0afa0491e122bdbc96d942c2e29bbce81d2f54d5e5243f8a0
9798,gt4,skill_visual,gt,a4,Assets_20260731.swf,54ab0ac2693fbdd0afa0491e122bdbc96d942c2e29bbce81d2f54d5e5243f8a0
9791,Gunoa1,skill_visual,Guno,a1,Assets_20260731.swf,54ab0ac2693fbdd0afa0491e122bdbc96d942c2e29bbce81d2f54d5e5243f8a0
9785,Gunoa2,skill_visual,Guno,a2,Assets_20260731.swf,54ab0ac2693fbdd0afa0491e122bdbc96d942c2e29bbce81d2f54d5e5243f8a0
9779,Gunoa3,skill_visual,Guno,a3,Assets_20260731.swf,54ab0ac2693fbdd0afa0491e122bdbc96d942c2e29bbce81d2f54d5e5243f8a0
9773,Gunoa4,skill_visual,Guno,a4,Assets_20260731.swf,54ab0ac2693fbdd0afa0491e122bdbc96d942c2e29bbce81d2f54d5e5243f8a0
9765,Gunoaa,skill_visual,Guno,aa,Assets_20260731.swf,54ab0ac2693fbdd0afa0491e122bdbc96d942c2e29bbce81d2f54d5e5243f8a0
9760,Gunop1,skill_visual,Guno,p1,Assets_20260731.swf,54ab0ac2693fbdd0afa0491e122bdbc96d942c2e29bbce81d2f54d5e5243f8a0
9746,HBVica1,skill_visual,HBVic,a1,Assets_20260731.swf,54ab0ac2693fbdd0afa0491e122bdbc96d942c2e29bbce81d2f54d5e5243f8a0
9744,Assets_20260702_fla.Runes1aCC_536,embedded_visual,,,Assets_20260731.swf,54ab0ac2693fbdd0afa0491e122bdbc96d942c2e29bbce81d2f54d5e5243f8a0
9740,Assets_20260702_fla.RunesS1CC_535,embedded_visual,,,Assets_20260731.swf,54ab0ac2693fbdd0afa0491e122bdbc96d942c2e29bbce81d2f54d5e5243f8a0
9736,HBVica2,skill_visual,HBVic,a2,Assets_20260731.swf,54ab0ac2693fbdd0afa0491e122bdbc96d942c2e29bbce81d2f54d5e5243f8a0
9733,Assets_20260702_fla.KCross_549,embedded_visual,,,Assets_20260731.swf,54ab0ac2693fbdd0afa0491e122bdbc96d942c2e29bbce81d2f54d5e5243f8a0
9731,Assets_20260702_fla.S2akCC_546,embedded_visual,,,Assets_20260731.swf,54ab0ac2693fbdd0afa0491e122bdbc96d942c2e29bbce81d2f54d5e5243f8a0
9729,Assets_20260702_fla.s2shadeCC_548,embedded_visual,,,Assets_20260731.swf,54ab0ac2693fbdd0afa0491e122bdbc96d942c2e29bbce81d2f54d5e5243f8a0
9726,Assets_20260702_fla.SkillarruneCC_542,embedded_visual,,,Assets_20260731.swf,54ab0ac2693fbdd0afa0491e122bdbc96d942c2e29bbce81d2f54d5e5243f8a0
9724,HBVica3,skill_visual,HBVic,a3,Assets_20260731.swf,54ab0ac2693fbdd0afa0491e122bdbc96d942c2e29bbce81d2f54d5e5243f8a0
9722,Assets_20260702_fla.KBallLC_555,embedded_visual,,,Assets_20260731.swf,54ab0ac2693fbdd0afa0491e122bdbc96d942c2e29bbce81d2f54d5e5243f8a0
9719,Assets_20260702_fla.KballCC_553,embedded_visual,,,Assets_20260731.swf,54ab0ac2693fbdd0afa0491e122bdbc96d942c2e29bbce81d2f54d5e5243f8a0
9716,Assets_20260702_fla.KRings_552,embedded_visual,,,Assets_20260731.swf,54ab0ac2693fbdd0afa0491e122bdbc96d942c2e29bbce81d2f54d5e5243f8a0
9712,HBVica4,skill_visual,HBVic,a4,Assets_20260731.swf,54ab0ac2693fbdd0afa0491e122bdbc96d942c2e29bbce81d2f54d5e5243f8a0
9711,Assets_20260702_fla.SkileyesCC_568,embedded_visual,,,Assets_20260731.swf,54ab0ac2693fbdd0afa0491e122bdbc96d942c2e29bbce81d2f54d5e5243f8a0
9706,Assets_20260702_fla.Okkk_567,embedded_visual,,,Assets_20260731.swf,54ab0ac2693fbdd0afa0491e122bdbc96d942c2e29bbce81d2f54d5e5243f8a0
9704,Assets_20260702_fla.ZSkullEyeCC_566,embedded_visual,,,Assets_20260731.swf,54ab0ac2693fbdd0afa0491e122bdbc96d942c2e29bbce81d2f54d5e5243f8a0
9701,Assets_20260702_fla.sksks_564,embedded_visual,,,Assets_20260731.swf,54ab0ac2693fbdd0afa0491e122bdbc96d942c2e29bbce81d2f54d5e5243f8a0
9697,Assets_20260702_fla.Skill4RuneCC_558,embedded_visual,,,Assets_20260731.swf,54ab0ac2693fbdd0afa0491e122bdbc96d942c2e29bbce81d2f54d5e5243f8a0
9694,HBVicaa,skill_visual,HBVic,aa,Assets_20260731.swf,54ab0ac2693fbdd0afa0491e122bdbc96d942c2e29bbce81d2f54d5e5243f8a0
9692,Assets_20260702_fla.SkillaaHandCC_572,embedded_visual,,,Assets_20260731.swf,54ab0ac2693fbdd0afa0491e122bdbc96d942c2e29bbce81d2f54d5e5243f8a0
9690,Assets_20260702_fla.HHandCC_574,embedded_visual,,,Assets_20260731.swf,54ab0ac2693fbdd0afa0491e122bdbc96d942c2e29bbce81d2f54d5e5243f8a0
9684,Assets_20260702_fla.RuneCircle1CC_560,embedded_visual,,,Assets_20260731.swf,54ab0ac2693fbdd0afa0491e122bdbc96d942c2e29bbce81d2f54d5e5243f8a0
9680,HBVicp1,skill_visual,HBVic,p1,Assets_20260731.swf,54ab0ac2693fbdd0afa0491e122bdbc96d942c2e29bbce81d2f54d5e5243f8a0
9678,Assets_20260702_fla.Border1CC_540,embedded_visual,,,Assets_20260731.swf,54ab0ac2693fbdd0afa0491e122bdbc96d942c2e29bbce81d2f54d5e5243f8a0
9674,Assets_20260702_fla.HBGlow2_538,embedded_visual,,,Assets_20260731.swf,54ab0ac2693fbdd0afa0491e122bdbc96d942c2e29bbce81d2f54d5e5243f8a0
9672,Assets_20260702_fla.SKPRuneCC_578,embedded_visual,,,Assets_20260731.swf,54ab0ac2693fbdd0afa0491e122bdbc96d942c2e29bbce81d2f54d5e5243f8a0
9664,Assets_20260702_fla.SkillInnergLowCC_531,embedded_visual,,,Assets_20260731.swf,54ab0ac2693fbdd0afa0491e122bdbc96d942c2e29bbce81d2f54d5e5243f8a0
9661,Assets_20260702_fla.RuneCircleBG_530,embedded_visual,,,Assets_20260731.swf,54ab0ac2693fbdd0afa0491e122bdbc96d942c2e29bbce81d2f54d5e5243f8a0
9658,PSlayera4,skill_visual,PSlayer,a4,Assets_20260731.swf,54ab0ac2693fbdd0afa0491e122bdbc96d942c2e29bbce81d2f54d5e5243f8a0
9655,PSlayera1,skill_visual,PSlayer,a1,Assets_20260731.swf,54ab0ac2693fbdd0afa0491e122bdbc96d942c2e29bbce81d2f54d5e5243f8a0
9652,PSlayera2,skill_visual,PSlayer,a2,Assets_20260731.swf,54ab0ac2693fbdd0afa0491e122bdbc96d942c2e29bbce81d2f54d5e5243f8a0
9649,PSlayera3,skill_visual,PSlayer,a3,Assets_20260731.swf,54ab0ac2693fbdd0afa0491e122bdbc96d942c2e29bbce81d2f54d5e5243f8a0
9645,PSlayeraa,skill_visual,PSlayer,aa,Assets_20260731.swf,54ab0ac2693fbdd0afa0491e122bdbc96d942c2e29bbce81d2f54d5e5243f8a0
9640,PSlayerp1,skill_visual,PSlayer,p1,Assets_20260731.swf,54ab0ac2693fbdd0afa0491e122bdbc96d942c2e29bbce81d2f54d5e5243f8a0
9631,CC2026a1,skill_visual,CC2026,a1,Assets_20260731.swf,54ab0ac2693fbdd0afa0491e122bdbc96d942c2e29bbce81d2f54d5e5243f8a0
9627,CC2026a2,skill_visual,CC2026,a2,Assets_20260731.swf,54ab0ac2693fbdd0afa0491e122bdbc96d942c2e29bbce81d2f54d5e5243f8a0
9623,CC2026a3,skill_visual,CC2026,a3,Assets_20260731.swf,54ab0ac2693fbdd0afa0491e122bdbc96d942c2e29bbce81d2f54d5e5243f8a0
9619,CC2026a4,skill_visual,CC2026,a4,Assets_20260731.swf,54ab0ac2693fbdd0afa0491e122bdbc96d942c2e29bbce81d2f54d5e5243f8a0
9616,CC2026aa,skill_visual,CC2026,aa,Assets_20260731.swf,54ab0ac2693fbdd0afa0491e122bdbc96d942c2e29bbce81d2f54d5e5243f8a0
9611,CC2026p1,skill_visual,CC2026,p1,Assets_20260731.swf,54ab0ac2693fbdd0afa0491e122bdbc96d942c2e29bbce81d2f54d5e5243f8a0
9600,i,generic,,,Assets_20260731.swf,54ab0ac2693fbdd0afa0491e122bdbc96d942c2e29bbce81d2f54d5e5243f8a0
9598,ied5,icon,,,Assets_20260731.swf,54ab0ac2693fbdd0afa0491e122bdbc96d942c2e29bbce81d2f54d5e5243f8a0
9593,ied6,icon,,,Assets_20260731.swf,54ab0ac2693fbdd0afa0491e122bdbc96d942c2e29bbce81d2f54d5e5243f8a0
9591,ies,icon,,,Assets_20260731.swf,54ab0ac2693fbdd0afa0491e122bdbc96d942c2e29bbce81d2f54d5e5243f8a0
9588,ies2,icon,,,Assets_20260731.swf,54ab0ac2693fbdd0afa0491e122bdbc96d942c2e29bbce81d2f54d5e5243f8a0
9583,ies3,icon,,,Assets_20260731.swf,54ab0ac2693fbdd0afa0491e122bdbc96d942c2e29bbce81d2f54d5e5243f8a0
9575,ies4,icon,,,Assets_20260731.swf,54ab0ac2693fbdd0afa0491e122bdbc96d942c2e29bbce81d2f54d5e5243f8a0
9568,ift1,icon,,,Assets_20260731.swf,54ab0ac2693fbdd0afa0491e122bdbc96d942c2e29bbce81d2f54d5e5243f8a0
9566,ift2,icon,,,Assets_20260731.swf,54ab0ac2693fbdd0afa0491e122bdbc96d942c2e29bbce81d2f54d5e5243f8a0
9564,ift3,icon,,,Assets_20260731.swf,54ab0ac2693fbdd0afa0491e122bdbc96d942c2e29bbce81d2f54d5e5243f8a0
9562,ift4,icon,,,Assets_20260731.swf,54ab0ac2693fbdd0afa0491e122bdbc96d942c2e29bbce81d2f54d5e5243f8a0
9560,ifta,icon,,,Assets_20260731.swf,54ab0ac2693fbdd0afa0491e122bdbc96d942c2e29bbce81d2f54d5e5243f8a0
9557,iftp,icon,,,Assets_20260731.swf,54ab0ac2693fbdd0afa0491e122bdbc96d942c2e29bbce81d2f54d5e5243f8a0
9555,inver1,skill_visual,inver,a1,Assets_20260731.swf,54ab0ac2693fbdd0afa0491e122bdbc96d942c2e29bbce81d2f54d5e5243f8a0
9552,inver2,skill_visual,inver,a2,Assets_20260731.swf,54ab0ac2693fbdd0afa0491e122bdbc96d942c2e29bbce81d2f54d5e5243f8a0
9550,inver3,skill_visual,inver,a3,Assets_20260731.swf,54ab0ac2693fbdd0afa0491e122bdbc96d942c2e29bbce81d2f54d5e5243f8a0
9548,inver4,skill_visual,inver,a4,Assets_20260731.swf,54ab0ac2693fbdd0afa0491e122bdbc96d942c2e29bbce81d2f54d5e5243f8a0
9543,inveraa,skill_visual,inver,aa,Assets_20260731.swf,54ab0ac2693fbdd0afa0491e122bdbc96d942c2e29bbce81d2f54d5e5243f8a0
9541,ipn2,icon,,,Assets_20260731.swf,54ab0ac2693fbdd0afa0491e122bdbc96d942c2e29bbce81d2f54d5e5243f8a0
9537,KingEchoa1,skill_visual,KingEcho,a1,Assets_20260731.swf,54ab0ac2693fbdd0afa0491e122bdbc96d942c2e29bbce81d2f54d5e5243f8a0
9533,KingEchoa2,skill_visual,KingEcho,a2,Assets_20260731.swf,54ab0ac2693fbdd0afa0491e122bdbc96d942c2e29bbce81d2f54d5e5243f8a0
9530,KingEchoa3,skill_visual,KingEcho,a3,Assets_20260731.swf,54ab0ac2693fbdd0afa0491e122bdbc96d942c2e29bbce81d2f54d5e5243f8a0
9524,KingEchoa4,skill_visual,KingEcho,a4,Assets_20260731.swf,54ab0ac2693fbdd0afa0491e122bdbc96d942c2e29bbce81d2f54d5e5243f8a0
9520,KingEchoaa,skill_visual,KingEcho,aa,Assets_20260731.swf,54ab0ac2693fbdd0afa0491e122bdbc96d942c2e29bbce81d2f54d5e5243f8a0
9511,KingEchop1,skill_visual,KingEcho,p1,Assets_20260731.swf,54ab0ac2693fbdd0afa0491e122bdbc96d942c2e29bbce81d2f54d5e5243f8a0
9481,Assets_20260702_fla.Class_2025Animations_KingEcho_Symbol83_669,embedded_visual,,,Assets_20260731.swf,54ab0ac2693fbdd0afa0491e122bdbc96d942c2e29bbce81d2f54d5e5243f8a0
9474,mtlblue,generic,,,Assets_20260731.swf,54ab0ac2693fbdd0afa0491e122bdbc96d942c2e29bbce81d2f54d5e5243f8a0
9460,legPallya1,skill_visual,legPally,a1,Assets_20260731.swf,54ab0ac2693fbdd0afa0491e122bdbc96d942c2e29bbce81d2f54d5e5243f8a0
9456,legPallya2,skill_visual,legPally,a2,Assets_20260731.swf,54ab0ac2693fbdd0afa0491e122bdbc96d942c2e29bbce81d2f54d5e5243f8a0
9448,legPallya3,skill_visual,legPally,a3,Assets_20260731.swf,54ab0ac2693fbdd0afa0491e122bdbc96d942c2e29bbce81d2f54d5e5243f8a0
9442,legPallya4,skill_visual,legPally,a4,Assets_20260731.swf,54ab0ac2693fbdd0afa0491e122bdbc96d942c2e29bbce81d2f54d5e5243f8a0
9436,legPallyaa,skill_visual,legPally,aa,Assets_20260731.swf,54ab0ac2693fbdd0afa0491e122bdbc96d942c2e29bbce81d2f54d5e5243f8a0
9431,legPallyp1,skill_visual,legPally,p1,Assets_20260731.swf,54ab0ac2693fbdd0afa0491e122bdbc96d942c2e29bbce81d2f54d5e5243f8a0
9419,Lich25a1,skill_visual,Lich25,a1,Assets_20260731.swf,54ab0ac2693fbdd0afa0491e122bdbc96d942c2e29bbce81d2f54d5e5243f8a0
9411,Lich25a2,skill_visual,Lich25,a2,Assets_20260731.swf,54ab0ac2693fbdd0afa0491e122bdbc96d942c2e29bbce81d2f54d5e5243f8a0
9403,Lich25a3,skill_visual,Lich25,a3,Assets_20260731.swf,54ab0ac2693fbdd0afa0491e122bdbc96d942c2e29bbce81d2f54d5e5243f8a0
9395,Lich25a4,skill_visual,Lich25,a4,Assets_20260731.swf,54ab0ac2693fbdd0afa0491e122bdbc96d942c2e29bbce81d2f54d5e5243f8a0
9383,Lich25aa,skill_visual,Lich25,aa,Assets_20260731.swf,54ab0ac2693fbdd0afa0491e122bdbc96d942c2e29bbce81d2f54d5e5243f8a0
9374,Lich25p1,skill_visual,Lich25,p1,Assets_20260731.swf,54ab0ac2693fbdd0afa0491e122bdbc96d942c2e29bbce81d2f54d5e5243f8a0
9366,lightc1,skill_visual,lightc,a1,Assets_20260731.swf,54ab0ac2693fbdd0afa0491e122bdbc96d942c2e29bbce81d2f54d5e5243f8a0
9363,lightc2,skill_visual,lightc,a2,Assets_20260731.swf,54ab0ac2693fbdd0afa0491e122bdbc96d942c2e29bbce81d2f54d5e5243f8a0
9360,lightc3,skill_visual,lightc,a3,Assets_20260731.swf,54ab0ac2693fbdd0afa0491e122bdbc96d942c2e29bbce81d2f54d5e5243f8a0
9358,lightc4,skill_visual,lightc,a4,Assets_20260731.swf,54ab0ac2693fbdd0afa0491e122bdbc96d942c2e29bbce81d2f54d5e5243f8a0
9355,LoO1,skill_visual,LoO,a1,Assets_20260731.swf,54ab0ac2693fbdd0afa0491e122bdbc96d942c2e29bbce81d2f54d5e5243f8a0
9350,LoO2,skill_visual,LoO,a2,Assets_20260731.swf,54ab0ac2693fbdd0afa0491e122bdbc96d942c2e29bbce81d2f54d5e5243f8a0
9335,LoO3,skill_visual,LoO,a3,Assets_20260731.swf,54ab0ac2693fbdd0afa0491e122bdbc96d942c2e29bbce81d2f54d5e5243f8a0
9333,Assets_20260702_fla.Symbol3aaaaa_loo_757,embedded_visual,,,Assets_20260731.swf,54ab0ac2693fbdd0afa0491e122bdbc96d942c2e29bbce81d2f54d5e5243f8a0
9326,LoO4,skill_visual,LoO,a4,Assets_20260731.swf,54ab0ac2693fbdd0afa0491e122bdbc96d942c2e29bbce81d2f54d5e5243f8a0
9317,LoOaa,skill_visual,LoO,aa,Assets_20260731.swf,54ab0ac2693fbdd0afa0491e122bdbc96d942c2e29bbce81d2f54d5e5243f8a0
9302,LoOp,generic,,,Assets_20260731.swf,54ab0ac2693fbdd0afa0491e122bdbc96d942c2e29bbce81d2f54d5e5243f8a0
9297,LR1,skill_visual,LR,a1,Assets_20260731.swf,54ab0ac2693fbdd0afa0491e122bdbc96d942c2e29bbce81d2f54d5e5243f8a0
9290,LR2,skill_visual,LR,a2,Assets_20260731.swf,54ab0ac2693fbdd0afa0491e122bdbc96d942c2e29bbce81d2f54d5e5243f8a0
9287,LR3,skill_visual,LR,a3,Assets_20260731.swf,54ab0ac2693fbdd0afa0491e122bdbc96d942c2e29bbce81d2f54d5e5243f8a0
9277,LR4,skill_visual,LR,a4,Assets_20260731.swf,54ab0ac2693fbdd0afa0491e122bdbc96d942c2e29bbce81d2f54d5e5243f8a0
9268,LRaa,skill_visual,LR,aa,Assets_20260731.swf,54ab0ac2693fbdd0afa0491e122bdbc96d942c2e29bbce81d2f54d5e5243f8a0
9261,LRp2,skill_visual,LR,p2,Assets_20260731.swf,54ab0ac2693fbdd0afa0491e122bdbc96d942c2e29bbce81d2f54d5e5243f8a0
9245,MaAta1,skill_visual,MaAt,a1,Assets_20260731.swf,54ab0ac2693fbdd0afa0491e122bdbc96d942c2e29bbce81d2f54d5e5243f8a0
9239,MaAta2,skill_visual,MaAt,a2,Assets_20260731.swf,54ab0ac2693fbdd0afa0491e122bdbc96d942c2e29bbce81d2f54d5e5243f8a0
9233,MaAta3,skill_visual,MaAt,a3,Assets_20260731.swf,54ab0ac2693fbdd0afa0491e122bdbc96d942c2e29bbce81d2f54d5e5243f8a0
9225,MaAta4,skill_visual,MaAt,a4,Assets_20260731.swf,54ab0ac2693fbdd0afa0491e122bdbc96d942c2e29bbce81d2f54d5e5243f8a0
9218,MaAtaa,skill_visual,MaAt,aa,Assets_20260731.swf,54ab0ac2693fbdd0afa0491e122bdbc96d942c2e29bbce81d2f54d5e5243f8a0
9211,MaAtp1,skill_visual,MaAt,p1,Assets_20260731.swf,54ab0ac2693fbdd0afa0491e122bdbc96d942c2e29bbce81d2f54d5e5243f8a0
9196,mogA1,skill_visual,mog,a1,Assets_20260731.swf,54ab0ac2693fbdd0afa0491e122bdbc96d942c2e29bbce81d2f54d5e5243f8a0
9190,mogA2,skill_visual,mog,a2,Assets_20260731.swf,54ab0ac2693fbdd0afa0491e122bdbc96d942c2e29bbce81d2f54d5e5243f8a0
9184,mogA3,skill_visual,mog,a3,Assets_20260731.swf,54ab0ac2693fbdd0afa0491e122bdbc96d942c2e29bbce81d2f54d5e5243f8a0
9178,mogA4,skill_visual,mog,a4,Assets_20260731.swf,54ab0ac2693fbdd0afa0491e122bdbc96d942c2e29bbce81d2f54d5e5243f8a0
9147,mogAA,skill_visual,mog,aa,Assets_20260731.swf,54ab0ac2693fbdd0afa0491e122bdbc96d942c2e29bbce81d2f54d5e5243f8a0
9141,mogP1,skill_visual,mog,p1,Assets_20260731.swf,54ab0ac2693fbdd0afa0491e122bdbc96d942c2e29bbce81d2f54d5e5243f8a0
9135,mogP2,skill_visual,mog,p2,Assets_20260731.swf,54ab0ac2693fbdd0afa0491e122bdbc96d942c2e29bbce81d2f54d5e5243f8a0
9129,newlegiondk1,skill_visual,newlegiondk,a1,Assets_20260731.swf,54ab0ac2693fbdd0afa0491e122bdbc96d942c2e29bbce81d2f54d5e5243f8a0
9126,newlegiondk2,skill_visual,newlegiondk,a2,Assets_20260731.swf,54ab0ac2693fbdd0afa0491e122bdbc96d942c2e29bbce81d2f54d5e5243f8a0
9122,newlegiondk3,skill_visual,newlegiondk,a3,Assets_20260731.swf,54ab0ac2693fbdd0afa0491e122bdbc96d942c2e29bbce81d2f54d5e5243f8a0
9119,newlegiondk4,skill_visual,newlegiondk,a4,Assets_20260731.swf,54ab0ac2693fbdd0afa0491e122bdbc96d942c2e29bbce81d2f54d5e5243f8a0
9114,NotAModa1,skill_visual,NotAMod,a1,Assets_20260731.swf,54ab0ac2693fbdd0afa0491e122bdbc96d942c2e29bbce81d2f54d5e5243f8a0
9104,NotAModa2,skill_visual,NotAMod,a2,Assets_20260731.swf,54ab0ac2693fbdd0afa0491e122bdbc96d942c2e29bbce81d2f54d5e5243f8a0
9101,NotAModa3,skill_visual,NotAMod,a3,Assets_20260731.swf,54ab0ac2693fbdd0afa0491e122bdbc96d942c2e29bbce81d2f54d5e5243f8a0
9097,NotAModa4,skill_visual,NotAMod,a4,Assets_20260731.swf,54ab0ac2693fbdd0afa0491e122bdbc96d942c2e29bbce81d2f54d5e5243f8a0
9090,NotAModaa,skill_visual,NotAMod,aa,Assets_20260731.swf,54ab0ac2693fbdd0afa0491e122bdbc96d942c2e29bbce81d2f54d5e5243f8a0
9084,NotAModp1,skill_visual,NotAMod,p1,Assets_20260731.swf,54ab0ac2693fbdd0afa0491e122bdbc96d942c2e29bbce81d2f54d5e5243f8a0
9074,PallyChA1,skill_visual,PallyCh,a1,Assets_20260731.swf,54ab0ac2693fbdd0afa0491e122bdbc96d942c2e29bbce81d2f54d5e5243f8a0
9063,PallyChA2,skill_visual,PallyCh,a2,Assets_20260731.swf,54ab0ac2693fbdd0afa0491e122bdbc96d942c2e29bbce81d2f54d5e5243f8a0
9057,PallyChA3,skill_visual,PallyCh,a3,Assets_20260731.swf,54ab0ac2693fbdd0afa0491e122bdbc96d942c2e29bbce81d2f54d5e5243f8a0
9052,PallyChA4,skill_visual,PallyCh,a4,Assets_20260731.swf,54ab0ac2693fbdd0afa0491e122bdbc96d942c2e29bbce81d2f54d5e5243f8a0
9046,PallyChAA,skill_visual,PallyCh,aa,Assets_20260731.swf,54ab0ac2693fbdd0afa0491e122bdbc96d942c2e29bbce81d2f54d5e5243f8a0
9041,PallyChP1,skill_visual,PallyCh,p1,Assets_20260731.swf,54ab0ac2693fbdd0afa0491e122bdbc96d942c2e29bbce81d2f54d5e5243f8a0
9039,PallyChP2,skill_visual,PallyCh,p2,Assets_20260731.swf,54ab0ac2693fbdd0afa0491e122bdbc96d942c2e29bbce81d2f54d5e5243f8a0
9022,PhanCha1,skill_visual,PhanCh,a1,Assets_20260731.swf,54ab0ac2693fbdd0afa0491e122bdbc96d942c2e29bbce81d2f54d5e5243f8a0
9013,PhanCha2,skill_visual,PhanCh,a2,Assets_20260731.swf,54ab0ac2693fbdd0afa0491e122bdbc96d942c2e29bbce81d2f54d5e5243f8a0
9005,PhanCha3,skill_visual,PhanCh,a3,Assets_20260731.swf,54ab0ac2693fbdd0afa0491e122bdbc96d942c2e29bbce81d2f54d5e5243f8a0
8992,PhanCha4,skill_visual,PhanCh,a4,Assets_20260731.swf,54ab0ac2693fbdd0afa0491e122bdbc96d942c2e29bbce81d2f54d5e5243f8a0
8980,PhanChaa,skill_visual,PhanCh,aa,Assets_20260731.swf,54ab0ac2693fbdd0afa0491e122bdbc96d942c2e29bbce81d2f54d5e5243f8a0
8968,PhanChp1,skill_visual,PhanCh,p1,Assets_20260731.swf,54ab0ac2693fbdd0afa0491e122bdbc96d942c2e29bbce81d2f54d5e5243f8a0
8953,quantuma1,skill_visual,quantum,a1,Assets_20260731.swf,54ab0ac2693fbdd0afa0491e122bdbc96d942c2e29bbce81d2f54d5e5243f8a0
8951,quantuma2,skill_visual,quantum,a2,Assets_20260731.swf,54ab0ac2693fbdd0afa0491e122bdbc96d942c2e29bbce81d2f54d5e5243f8a0
8949,quantuma3,skill_visual,quantum,a3,Assets_20260731.swf,54ab0ac2693fbdd0afa0491e122bdbc96d942c2e29bbce81d2f54d5e5243f8a0
8947,quantuma4,skill_visual,quantum,a4,Assets_20260731.swf,54ab0ac2693fbdd0afa0491e122bdbc96d942c2e29bbce81d2f54d5e5243f8a0
8945,quantumaa,skill_visual,quantum,aa,Assets_20260731.swf,54ab0ac2693fbdd0afa0491e122bdbc96d942c2e29bbce81d2f54d5e5243f8a0
8942,quantumpassive,skill_visual,quantum,p1,Assets_20260731.swf,54ab0ac2693fbdd0afa0491e122bdbc96d942c2e29bbce81d2f54d5e5243f8a0
8937,shadneca1,skill_visual,shadnec,a1,Assets_20260731.swf,54ab0ac2693fbdd0afa0491e122bdbc96d942c2e29bbce81d2f54d5e5243f8a0
8933,shadneca2,skill_visual,shadnec,a2,Assets_20260731.swf,54ab0ac2693fbdd0afa0491e122bdbc96d942c2e29bbce81d2f54d5e5243f8a0
8931,shadneca3,skill_visual,shadnec,a3,Assets_20260731.swf,54ab0ac2693fbdd0afa0491e122bdbc96d942c2e29bbce81d2f54d5e5243f8a0
8926,shadneca4,skill_visual,shadnec,a4,Assets_20260731.swf,54ab0ac2693fbdd0afa0491e122bdbc96d942c2e29bbce81d2f54d5e5243f8a0
8919,shadnecaa,skill_visual,shadnec,aa,Assets_20260731.swf,54ab0ac2693fbdd0afa0491e122bdbc96d942c2e29bbce81d2f54d5e5243f8a0
8913,shadnecp1,skill_visual,shadnec,p1,Assets_20260731.swf,54ab0ac2693fbdd0afa0491e122bdbc96d942c2e29bbce81d2f54d5e5243f8a0
8905,ssga1,skill_visual,ssg,a1,Assets_20260731.swf,54ab0ac2693fbdd0afa0491e122bdbc96d942c2e29bbce81d2f54d5e5243f8a0
8902,ssga2,skill_visual,ssg,a2,Assets_20260731.swf,54ab0ac2693fbdd0afa0491e122bdbc96d942c2e29bbce81d2f54d5e5243f8a0
8900,ssga3,skill_visual,ssg,a3,Assets_20260731.swf,54ab0ac2693fbdd0afa0491e122bdbc96d942c2e29bbce81d2f54d5e5243f8a0
8896,ssga4,skill_visual,ssg,a4,Assets_20260731.swf,54ab0ac2693fbdd0afa0491e122bdbc96d942c2e29bbce81d2f54d5e5243f8a0
8894,ssgaa,skill_visual,ssg,aa,Assets_20260731.swf,54ab0ac2693fbdd0afa0491e122bdbc96d942c2e29bbce81d2f54d5e5243f8a0
8890,ssgp1,skill_visual,ssg,p1,Assets_20260731.swf,54ab0ac2693fbdd0afa0491e122bdbc96d942c2e29bbce81d2f54d5e5243f8a0
8888,ssgp2,skill_visual,ssg,p2,Assets_20260731.swf,54ab0ac2693fbdd0afa0491e122bdbc96d942c2e29bbce81d2f54d5e5243f8a0
8886,ssgp3,skill_visual,ssg,p3,Assets_20260731.swf,54ab0ac2693fbdd0afa0491e122bdbc96d942c2e29bbce81d2f54d5e5243f8a0
8882,shadw1,skill_visual,shadw,a1,Assets_20260731.swf,54ab0ac2693fbdd0afa0491e122bdbc96d942c2e29bbce81d2f54d5e5243f8a0
8880,shadw2,skill_visual,shadw,a2,Assets_20260731.swf,54ab0ac2693fbdd0afa0491e122bdbc96d942c2e29bbce81d2f54d5e5243f8a0
8876,shadw3,skill_visual,shadw,a3,Assets_20260731.swf,54ab0ac2693fbdd0afa0491e122bdbc96d942c2e29bbce81d2f54d5e5243f8a0
8874,shadw4,skill_visual,shadw,a4,Assets_20260731.swf,54ab0ac2693fbdd0afa0491e122bdbc96d942c2e29bbce81d2f54d5e5243f8a0
8872,shadwaa,skill_visual,shadw,aa,Assets_20260731.swf,54ab0ac2693fbdd0afa0491e122bdbc96d942c2e29bbce81d2f54d5e5243f8a0
8867,GlaWa1,skill_visual,GlaW,a1,Assets_20260731.swf,54ab0ac2693fbdd0afa0491e122bdbc96d942c2e29bbce81d2f54d5e5243f8a0
8863,GlaWa2,skill_visual,GlaW,a2,Assets_20260731.swf,54ab0ac2693fbdd0afa0491e122bdbc96d942c2e29bbce81d2f54d5e5243f8a0
8859,GlaWa3,skill_visual,GlaW,a3,Assets_20260731.swf,54ab0ac2693fbdd0afa0491e122bdbc96d942c2e29bbce81d2f54d5e5243f8a0
8855,GlaWa4,skill_visual,GlaW,a4,Assets_20260731.swf,54ab0ac2693fbdd0afa0491e122bdbc96d942c2e29bbce81d2f54d5e5243f8a0
8849,GlaWaa,skill_visual,GlaW,aa,Assets_20260731.swf,54ab0ac2693fbdd0afa0491e122bdbc96d942c2e29bbce81d2f54d5e5243f8a0
8844,GlaWp1,skill_visual,GlaW,p1,Assets_20260731.swf,54ab0ac2693fbdd0afa0491e122bdbc96d942c2e29bbce81d2f54d5e5243f8a0
8810,SoFa1,skill_visual,SoF,a1,Assets_20260731.swf,54ab0ac2693fbdd0afa0491e122bdbc96d942c2e29bbce81d2f54d5e5243f8a0
8803,SoFa2,skill_visual,SoF,a2,Assets_20260731.swf,54ab0ac2693fbdd0afa0491e122bdbc96d942c2e29bbce81d2f54d5e5243f8a0
8794,SoFa3,skill_visual,SoF,a3,Assets_20260731.swf,54ab0ac2693fbdd0afa0491e122bdbc96d942c2e29bbce81d2f54d5e5243f8a0
8785,SoFa4,skill_visual,SoF,a4,Assets_20260731.swf,54ab0ac2693fbdd0afa0491e122bdbc96d942c2e29bbce81d2f54d5e5243f8a0
8774,SoFaa,skill_visual,SoF,aa,Assets_20260731.swf,54ab0ac2693fbdd0afa0491e122bdbc96d942c2e29bbce81d2f54d5e5243f8a0
8769,SoFp1,skill_visual,SoF,p1,Assets_20260731.swf,54ab0ac2693fbdd0afa0491e122bdbc96d942c2e29bbce81d2f54d5e5243f8a0
8761,SoSa1,skill_visual,SoS,a1,Assets_20260731.swf,54ab0ac2693fbdd0afa0491e122bdbc96d942c2e29bbce81d2f54d5e5243f8a0
8755,SoSa2,skill_visual,SoS,a2,Assets_20260731.swf,54ab0ac2693fbdd0afa0491e122bdbc96d942c2e29bbce81d2f54d5e5243f8a0
8751,SoSa3,skill_visual,SoS,a3,Assets_20260731.swf,54ab0ac2693fbdd0afa0491e122bdbc96d942c2e29bbce81d2f54d5e5243f8a0
8745,SoSa4,skill_visual,SoS,a4,Assets_20260731.swf,54ab0ac2693fbdd0afa0491e122bdbc96d942c2e29bbce81d2f54d5e5243f8a0
8739,SoSaa,skill_visual,SoS,aa,Assets_20260731.swf,54ab0ac2693fbdd0afa0491e122bdbc96d942c2e29bbce81d2f54d5e5243f8a0
8730,SoSp1,skill_visual,SoS,p1,Assets_20260731.swf,54ab0ac2693fbdd0afa0491e122bdbc96d942c2e29bbce81d2f54d5e5243f8a0
8719,ssorc1,skill_visual,ssorc,a1,Assets_20260731.swf,54ab0ac2693fbdd0afa0491e122bdbc96d942c2e29bbce81d2f54d5e5243f8a0
8717,ssorc2,skill_visual,ssorc,a2,Assets_20260731.swf,54ab0ac2693fbdd0afa0491e122bdbc96d942c2e29bbce81d2f54d5e5243f8a0
8715,ssorc3,skill_visual,ssorc,a3,Assets_20260731.swf,54ab0ac2693fbdd0afa0491e122bdbc96d942c2e29bbce81d2f54d5e5243f8a0
8713,ssorc4,skill_visual,ssorc,a4,Assets_20260731.swf,54ab0ac2693fbdd0afa0491e122bdbc96d942c2e29bbce81d2f54d5e5243f8a0
8711,ssorcaa,skill_visual,ssorc,aa,Assets_20260731.swf,54ab0ac2693fbdd0afa0491e122bdbc96d942c2e29bbce81d2f54d5e5243f8a0
8709,uchronoA1,skill_visual,uchrono,a1,Assets_20260731.swf,54ab0ac2693fbdd0afa0491e122bdbc96d942c2e29bbce81d2f54d5e5243f8a0
8704,UUG25a1,skill_visual,UUG25,a1,Assets_20260731.swf,54ab0ac2693fbdd0afa0491e122bdbc96d942c2e29bbce81d2f54d5e5243f8a0
8698,UUG25a2,skill_visual,UUG25,a2,Assets_20260731.swf,54ab0ac2693fbdd0afa0491e122bdbc96d942c2e29bbce81d2f54d5e5243f8a0
8692,UUG25a3,skill_visual,UUG25,a3,Assets_20260731.swf,54ab0ac2693fbdd0afa0491e122bdbc96d942c2e29bbce81d2f54d5e5243f8a0
8684,UUG25a4,skill_visual,UUG25,a4,Assets_20260731.swf,54ab0ac2693fbdd0afa0491e122bdbc96d942c2e29bbce81d2f54d5e5243f8a0
8678,UUG25aa,skill_visual,UUG25,aa,Assets_20260731.swf,54ab0ac2693fbdd0afa0491e122bdbc96d942c2e29bbce81d2f54d5e5243f8a0
8671,UUG25p1,skill_visual,UUG25,p1,Assets_20260731.swf,54ab0ac2693fbdd0afa0491e122bdbc96d942c2e29bbce81d2f54d5e5243f8a0
8661,vamplorda1,skill_visual,vamplord,a1,Assets_20260731.swf,54ab0ac2693fbdd0afa0491e122bdbc96d942c2e29bbce81d2f54d5e5243f8a0
8659,vamplorda2,skill_visual,vamplord,a2,Assets_20260731.swf,54ab0ac2693fbdd0afa0491e122bdbc96d942c2e29bbce81d2f54d5e5243f8a0
8656,vamplorda3,skill_visual,vamplord,a3,Assets_20260731.swf,54ab0ac2693fbdd0afa0491e122bdbc96d942c2e29bbce81d2f54d5e5243f8a0
8654,vamplorda4,skill_visual,vamplord,a4,Assets_20260731.swf,54ab0ac2693fbdd0afa0491e122bdbc96d942c2e29bbce81d2f54d5e5243f8a0
8650,vamplordaa,skill_visual,vamplord,aa,Assets_20260731.swf,54ab0ac2693fbdd0afa0491e122bdbc96d942c2e29bbce81d2f54d5e5243f8a0
8643,vdmka1,skill_visual,vdmk,a1,Assets_20260731.swf,54ab0ac2693fbdd0afa0491e122bdbc96d942c2e29bbce81d2f54d5e5243f8a0
8639,vdmka2,skill_visual,vdmk,a2,Assets_20260731.swf,54ab0ac2693fbdd0afa0491e122bdbc96d942c2e29bbce81d2f54d5e5243f8a0
8633,vdmka3,skill_visual,vdmk,a3,Assets_20260731.swf,54ab0ac2693fbdd0afa0491e122bdbc96d942c2e29bbce81d2f54d5e5243f8a0
8627,vdmka4,skill_visual,vdmk,a4,Assets_20260731.swf,54ab0ac2693fbdd0afa0491e122bdbc96d942c2e29bbce81d2f54d5e5243f8a0
8621,vdmkaa,skill_visual,vdmk,aa,Assets_20260731.swf,54ab0ac2693fbdd0afa0491e122bdbc96d942c2e29bbce81d2f54d5e5243f8a0
8614,vdmkp,generic,,,Assets_20260731.swf,54ab0ac2693fbdd0afa0491e122bdbc96d942c2e29bbce81d2f54d5e5243f8a0
8600,DVHLa1,skill_visual,DVHL,a1,Assets_20260731.swf,54ab0ac2693fbdd0afa0491e122bdbc96d942c2e29bbce81d2f54d5e5243f8a0
8594,DVHLa2,skill_visual,DVHL,a2,Assets_20260731.swf,54ab0ac2693fbdd0afa0491e122bdbc96d942c2e29bbce81d2f54d5e5243f8a0
8588,DVHLa3,skill_visual,DVHL,a3,Assets_20260731.swf,54ab0ac2693fbdd0afa0491e122bdbc96d942c2e29bbce81d2f54d5e5243f8a0
8582,DVHLa4,skill_visual,DVHL,a4,Assets_20260731.swf,54ab0ac2693fbdd0afa0491e122bdbc96d942c2e29bbce81d2f54d5e5243f8a0
8577,DVHLaa,skill_visual,DVHL,aa,Assets_20260731.swf,54ab0ac2693fbdd0afa0491e122bdbc96d942c2e29bbce81d2f54d5e5243f8a0
8570,DVHLp1,skill_visual,DVHL,p1,Assets_20260731.swf,54ab0ac2693fbdd0afa0491e122bdbc96d942c2e29bbce81d2f54d5e5243f8a0
8560,Voidha1,skill_visual,Voidh,a1,Assets_20260731.swf,54ab0ac2693fbdd0afa0491e122bdbc96d942c2e29bbce81d2f54d5e5243f8a0
8549,Voidha2,skill_visual,Voidh,a2,Assets_20260731.swf,54ab0ac2693fbdd0afa0491e122bdbc96d942c2e29bbce81d2f54d5e5243f8a0
8538,Voidha3,skill_visual,Voidh,a3,Assets_20260731.swf,54ab0ac2693fbdd0afa0491e122bdbc96d942c2e29bbce81d2f54d5e5243f8a0
8530,Voidha4,skill_visual,Voidh,a4,Assets_20260731.swf,54ab0ac2693fbdd0afa0491e122bdbc96d942c2e29bbce81d2f54d5e5243f8a0
8519,Voidhaa,skill_visual,Voidh,aa,Assets_20260731.swf,54ab0ac2693fbdd0afa0491e122bdbc96d942c2e29bbce81d2f54d5e5243f8a0
8513,Voidhp,generic,,,Assets_20260731.swf,54ab0ac2693fbdd0afa0491e122bdbc96d942c2e29bbce81d2f54d5e5243f8a0
8507,yamia1,skill_visual,yami,a1,Assets_20260731.swf,54ab0ac2693fbdd0afa0491e122bdbc96d942c2e29bbce81d2f54d5e5243f8a0
8503,yamia2,skill_visual,yami,a2,Assets_20260731.swf,54ab0ac2693fbdd0afa0491e122bdbc96d942c2e29bbce81d2f54d5e5243f8a0
8496,yamia3,skill_visual,yami,a3,Assets_20260731.swf,54ab0ac2693fbdd0afa0491e122bdbc96d942c2e29bbce81d2f54d5e5243f8a0
8492,yamia4,skill_visual,yami,a4,Assets_20260731.swf,54ab0ac2693fbdd0afa0491e122bdbc96d942c2e29bbce81d2f54d5e5243f8a0
8488,yamiaa,skill_visual,yami,aa,Assets_20260731.swf,54ab0ac2693fbdd0afa0491e122bdbc96d942c2e29bbce81d2f54d5e5243f8a0
8484,yamip,generic,,,Assets_20260731.swf,54ab0ac2693fbdd0afa0491e122bdbc96d942c2e29bbce81d2f54d5e5243f8a0
8478,ica1,icon,,,Assets_20260731.swf,54ab0ac2693fbdd0afa0491e122bdbc96d942c2e29bbce81d2f54d5e5243f8a0
8453,iea1,icon,,,Assets_20260731.swf,54ab0ac2693fbdd0afa0491e122bdbc96d942c2e29bbce81d2f54d5e5243f8a0
8451,ied1,icon,,,Assets_20260731.swf,54ab0ac2693fbdd0afa0491e122bdbc96d942c2e29bbce81d2f54d5e5243f8a0
8449,ied2,icon,,,Assets_20260731.swf,54ab0ac2693fbdd0afa0491e122bdbc96d942c2e29bbce81d2f54d5e5243f8a0
8447,ied3,icon,,,Assets_20260731.swf,54ab0ac2693fbdd0afa0491e122bdbc96d942c2e29bbce81d2f54d5e5243f8a0
8445,ied4,icon,,,Assets_20260731.swf,54ab0ac2693fbdd0afa0491e122bdbc96d942c2e29bbce81d2f54d5e5243f8a0
8441,iee1,icon,,,Assets_20260731.swf,54ab0ac2693fbdd0afa0491e122bdbc96d942c2e29bbce81d2f54d5e5243f8a0
8439,iee2,icon,,,Assets_20260731.swf,54ab0ac2693fbdd0afa0491e122bdbc96d942c2e29bbce81d2f54d5e5243f8a0
8437,ief1,icon,,,Assets_20260731.swf,54ab0ac2693fbdd0afa0491e122bdbc96d942c2e29bbce81d2f54d5e5243f8a0
8435,ief2,icon,,,Assets_20260731.swf,54ab0ac2693fbdd0afa0491e122bdbc96d942c2e29bbce81d2f54d5e5243f8a0
8433,ief3,icon,,,Assets_20260731.swf,54ab0ac2693fbdd0afa0491e122bdbc96d942c2e29bbce81d2f54d5e5243f8a0
8431,iei2,icon,,,Assets_20260731.swf,54ab0ac2693fbdd0afa0491e122bdbc96d942c2e29bbce81d2f54d5e5243f8a0
8430,iei3,icon,,,Assets_20260731.swf,54ab0ac2693fbdd0afa0491e122bdbc96d942c2e29bbce81d2f54d5e5243f8a0
8428,iel2,icon,,,Assets_20260731.swf,54ab0ac2693fbdd0afa0491e122bdbc96d942c2e29bbce81d2f54d5e5243f8a0
8426,iep1,icon,,,Assets_20260731.swf,54ab0ac2693fbdd0afa0491e122bdbc96d942c2e29bbce81d2f54d5e5243f8a0
8424,iew1,icon,,,Assets_20260731.swf,54ab0ac2693fbdd0afa0491e122bdbc96d942c2e29bbce81d2f54d5e5243f8a0
8422,food5,generic,,,Assets_20260731.swf,54ab0ac2693fbdd0afa0491e122bdbc96d942c2e29bbce81d2f54d5e5243f8a0
8416,iArrow,icon,,,Assets_20260731.swf,54ab0ac2693fbdd0afa0491e122bdbc96d942c2e29bbce81d2f54d5e5243f8a0
8414,icards1,icon,,,Assets_20260731.swf,54ab0ac2693fbdd0afa0491e122bdbc96d942c2e29bbce81d2f54d5e5243f8a0
8412,icards2,icon,,,Assets_20260731.swf,54ab0ac2693fbdd0afa0491e122bdbc96d942c2e29bbce81d2f54d5e5243f8a0
8405,icb1,icon,,,Assets_20260731.swf,54ab0ac2693fbdd0afa0491e122bdbc96d942c2e29bbce81d2f54d5e5243f8a0
8403,icb2,icon,,,Assets_20260731.swf,54ab0ac2693fbdd0afa0491e122bdbc96d942c2e29bbce81d2f54d5e5243f8a0
8401,icb3,icon,,,Assets_20260731.swf,54ab0ac2693fbdd0afa0491e122bdbc96d942c2e29bbce81d2f54d5e5243f8a0
8399,icb4,icon,,,Assets_20260731.swf,54ab0ac2693fbdd0afa0491e122bdbc96d942c2e29bbce81d2f54d5e5243f8a0
8397,icb5,icon,,,Assets_20260731.swf,54ab0ac2693fbdd0afa0491e122bdbc96d942c2e29bbce81d2f54d5e5243f8a0
8395,icbgold,icon,,,Assets_20260731.swf,54ab0ac2693fbdd0afa0491e122bdbc96d942c2e29bbce81d2f54d5e5243f8a0
8393,icbrep,icon,,,Assets_20260731.swf,54ab0ac2693fbdd0afa0491e122bdbc96d942c2e29bbce81d2f54d5e5243f8a0
8389,icbxp,icon,,,Assets_20260731.swf,54ab0ac2693fbdd0afa0491e122bdbc96d942c2e29bbce81d2f54d5e5243f8a0
8387,ice,icon,,,Assets_20260731.swf,54ab0ac2693fbdd0afa0491e122bdbc96d942c2e29bbce81d2f54d5e5243f8a0
8385,icf1,icon,,,Assets_20260731.swf,54ab0ac2693fbdd0afa0491e122bdbc96d942c2e29bbce81d2f54d5e5243f8a0
8383,icf2,icon,,,Assets_20260731.swf,54ab0ac2693fbdd0afa0491e122bdbc96d942c2e29bbce81d2f54d5e5243f8a0
8381,icf3,icon,,,Assets_20260731.swf,54ab0ac2693fbdd0afa0491e122bdbc96d942c2e29bbce81d2f54d5e5243f8a0
8379,icf4,icon,,,Assets_20260731.swf,54ab0ac2693fbdd0afa0491e122bdbc96d942c2e29bbce81d2f54d5e5243f8a0
8377,icf5,icon,,,Assets_20260731.swf,54ab0ac2693fbdd0afa0491e122bdbc96d942c2e29bbce81d2f54d5e5243f8a0
8375,ich1,icon,,,Assets_20260731.swf,54ab0ac2693fbdd0afa0491e122bdbc96d942c2e29bbce81d2f54d5e5243f8a0
8373,iCheck,icon,,,Assets_20260731.swf,54ab0ac2693fbdd0afa0491e122bdbc96d942c2e29bbce81d2f54d5e5243f8a0
8371,icm1,icon,,,Assets_20260731.swf,54ab0ac2693fbdd0afa0491e122bdbc96d942c2e29bbce81d2f54d5e5243f8a0
8369,icbcp,icon,,,Assets_20260731.swf,54ab0ac2693fbdd0afa0491e122bdbc96d942c2e29bbce81d2f54d5e5243f8a0
8363,ict,icon,,,Assets_20260731.swf,54ab0ac2693fbdd0afa0491e122bdbc96d942c2e29bbce81d2f54d5e5243f8a0
8361,icu1,icon,,,Assets_20260731.swf,54ab0ac2693fbdd0afa0491e122bdbc96d942c2e29bbce81d2f54d5e5243f8a0
8359,iCut,icon,,,Assets_20260731.swf,54ab0ac2693fbdd0afa0491e122bdbc96d942c2e29bbce81d2f54d5e5243f8a0
8357,ihfloor,icon,,,Assets_20260731.swf,54ab0ac2693fbdd0afa0491e122bdbc96d942c2e29bbce81d2f54d5e5243f8a0
8354,ihhouse,icon,,,Assets_20260731.swf,54ab0ac2693fbdd0afa0491e122bdbc96d942c2e29bbce81d2f54d5e5243f8a0
8351,ihwall,icon,,,Assets_20260731.swf,54ab0ac2693fbdd0afa0491e122bdbc96d942c2e29bbce81d2f54d5e5243f8a0
8348,iib2,icon,,,Assets_20260731.swf,54ab0ac2693fbdd0afa0491e122bdbc96d942c2e29bbce81d2f54d5e5243f8a0
8346,iib3,icon,,,Assets_20260731.swf,54ab0ac2693fbdd0afa0491e122bdbc96d942c2e29bbce81d2f54d5e5243f8a0
8344,iibag,icon,,,Assets_20260731.swf,54ab0ac2693fbdd0afa0491e122bdbc96d942c2e29bbce81d2f54d5e5243f8a0
8342,iibook,icon,,,Assets_20260731.swf,54ab0ac2693fbdd0afa0491e122bdbc96d942c2e29bbce81d2f54d5e5243f8a0
8340,iic2,icon,,,Assets_20260731.swf,54ab0ac2693fbdd0afa0491e122bdbc96d942c2e29bbce81d2f54d5e5243f8a0
8338,iicape,icon,,,Assets_20260731.swf,54ab0ac2693fbdd0afa0491e122bdbc96d942c2e29bbce81d2f54d5e5243f8a0
8336,iiclass,icon,,,Assets_20260731.swf,54ab0ac2693fbdd0afa0491e122bdbc96d942c2e29bbce81d2f54d5e5243f8a0
8334,iiclass2,icon,,,Assets_20260731.swf,54ab0ac2693fbdd0afa0491e122bdbc96d942c2e29bbce81d2f54d5e5243f8a0
8333,iwsword2,icon,,,Assets_20260731.swf,54ab0ac2693fbdd0afa0491e122bdbc96d942c2e29bbce81d2f54d5e5243f8a0
8331,iicrystal,icon,,,Assets_20260731.swf,54ab0ac2693fbdd0afa0491e122bdbc96d942c2e29bbce81d2f54d5e5243f8a0
8329,iidesign,icon,,,Assets_20260731.swf,54ab0ac2693fbdd0afa0491e122bdbc96d942c2e29bbce81d2f54d5e5243f8a0
8327,iihelm,icon,,,Assets_20260731.swf,54ab0ac2693fbdd0afa0491e122bdbc96d942c2e29bbce81d2f54d5e5243f8a0
8325,iin1,icon,,,Assets_20260731.swf,54ab0ac2693fbdd0afa0491e122bdbc96d942c2e29bbce81d2f54d5e5243f8a0
8323,iipack,icon,,,Assets_20260731.swf,54ab0ac2693fbdd0afa0491e122bdbc96d942c2e29bbce81d2f54d5e5243f8a0
8321,iipet,icon,,,Assets_20260731.swf,54ab0ac2693fbdd0afa0491e122bdbc96d942c2e29bbce81d2f54d5e5243f8a0
8319,iir1,icon,,,Assets_20260731.swf,54ab0ac2693fbdd0afa0491e122bdbc96d942c2e29bbce81d2f54d5e5243f8a0
8317,iiw1,icon,,,Assets_20260731.swf,54ab0ac2693fbdd0afa0491e122bdbc96d942c2e29bbce81d2f54d5e5243f8a0
8316,imw1,icon,,,Assets_20260731.swf,54ab0ac2693fbdd0afa0491e122bdbc96d942c2e29bbce81d2f54d5e5243f8a0
8314,iLock,icon,,,Assets_20260731.swf,54ab0ac2693fbdd0afa0491e122bdbc96d942c2e29bbce81d2f54d5e5243f8a0
8312,im1,icon,,,Assets_20260731.swf,54ab0ac2693fbdd0afa0491e122bdbc96d942c2e29bbce81d2f54d5e5243f8a0
8310,im2,icon,,,Assets_20260731.swf,54ab0ac2693fbdd0afa0491e122bdbc96d942c2e29bbce81d2f54d5e5243f8a0
8308,imsh1,icon,,,Assets_20260731.swf,54ab0ac2693fbdd0afa0491e122bdbc96d942c2e29bbce81d2f54d5e5243f8a0
8302,ipl1,icon,,,Assets_20260731.swf,54ab0ac2693fbdd0afa0491e122bdbc96d942c2e29bbce81d2f54d5e5243f8a0
8300,ipn1,icon,,,Assets_20260731.swf,54ab0ac2693fbdd0afa0491e122bdbc96d942c2e29bbce81d2f54d5e5243f8a0
8296,isl1,icon,,,Assets_20260731.swf,54ab0ac2693fbdd0afa0491e122bdbc96d942c2e29bbce81d2f54d5e5243f8a0
8294,iTrash,icon,,,Assets_20260731.swf,54ab0ac2693fbdd0afa0491e122bdbc96d942c2e29bbce81d2f54d5e5243f8a0
8292,iwarmor,icon,,,Assets_20260731.swf,54ab0ac2693fbdd0afa0491e122bdbc96d942c2e29bbce81d2f54d5e5243f8a0
8290,iwaxe,icon,,,Assets_20260731.swf,54ab0ac2693fbdd0afa0491e122bdbc96d942c2e29bbce81d2f54d5e5243f8a0
8288,iwbow,icon,,,Assets_20260731.swf,54ab0ac2693fbdd0afa0491e122bdbc96d942c2e29bbce81d2f54d5e5243f8a0
8286,iwclaws,icon,,,Assets_20260731.swf,54ab0ac2693fbdd0afa0491e122bdbc96d942c2e29bbce81d2f54d5e5243f8a0
8284,iwd1,icon,,,Assets_20260731.swf,54ab0ac2693fbdd0afa0491e122bdbc96d942c2e29bbce81d2f54d5e5243f8a0
8282,iwd2,icon,,,Assets_20260731.swf,54ab0ac2693fbdd0afa0491e122bdbc96d942c2e29bbce81d2f54d5e5243f8a0
8280,iwdagger,icon,,,Assets_20260731.swf,54ab0ac2693fbdd0afa0491e122bdbc96d942c2e29bbce81d2f54d5e5243f8a0
8278,iwgun,icon,,,Assets_20260731.swf,54ab0ac2693fbdd0afa0491e122bdbc96d942c2e29bbce81d2f54d5e5243f8a0
8276,iwmace,icon,,,Assets_20260731.swf,54ab0ac2693fbdd0afa0491e122bdbc96d942c2e29bbce81d2f54d5e5243f8a0
8274,iwpolearm,icon,,,Assets_20260731.swf,54ab0ac2693fbdd0afa0491e122bdbc96d942c2e29bbce81d2f54d5e5243f8a0
8272,iwshield,icon,,,Assets_20260731.swf,54ab0ac2693fbdd0afa0491e122bdbc96d942c2e29bbce81d2f54d5e5243f8a0
8271,iwstaff,icon,,,Assets_20260731.swf,54ab0ac2693fbdd0afa0491e122bdbc96d942c2e29bbce81d2f54d5e5243f8a0
8269,iwsword,icon,,,Assets_20260731.swf,54ab0ac2693fbdd0afa0491e122bdbc96d942c2e29bbce81d2f54d5e5243f8a0
8267,iwwand,icon,,,Assets_20260731.swf,54ab0ac2693fbdd0afa0491e122bdbc96d942c2e29bbce81d2f54d5e5243f8a0
8265,Elixir,generic,,,Assets_20260731.swf,54ab0ac2693fbdd0afa0491e122bdbc96d942c2e29bbce81d2f54d5e5243f8a0
8259,imc2,icon,,,Assets_20260731.swf,54ab0ac2693fbdd0afa0491e122bdbc96d942c2e29bbce81d2f54d5e5243f8a0
8257,imc3,icon,,,Assets_20260731.swf,54ab0ac2693fbdd0afa0491e122bdbc96d942c2e29bbce81d2f54d5e5243f8a0
8252,ime1,icon,,,Assets_20260731.swf,54ab0ac2693fbdd0afa0491e122bdbc96d942c2e29bbce81d2f54d5e5243f8a0
8250,ime2,icon,,,Assets_20260731.swf,54ab0ac2693fbdd0afa0491e122bdbc96d942c2e29bbce81d2f54d5e5243f8a0
8248,ime3,icon,,,Assets_20260731.swf,54ab0ac2693fbdd0afa0491e122bdbc96d942c2e29bbce81d2f54d5e5243f8a0
8246,imf2,icon,,,Assets_20260731.swf,54ab0ac2693fbdd0afa0491e122bdbc96d942c2e29bbce81d2f54d5e5243f8a0
8244,ims3,icon,,,Assets_20260731.swf,54ab0ac2693fbdd0afa0491e122bdbc96d942c2e29bbce81d2f54d5e5243f8a0
8242,imh3,icon,,,Assets_20260731.swf,54ab0ac2693fbdd0afa0491e122bdbc96d942c2e29bbce81d2f54d5e5243f8a0
8240,imhc,icon,,,Assets_20260731.swf,54ab0ac2693fbdd0afa0491e122bdbc96d942c2e29bbce81d2f54d5e5243f8a0
8238,imm1,icon,,,Assets_20260731.swf,54ab0ac2693fbdd0afa0491e122bdbc96d942c2e29bbce81d2f54d5e5243f8a0
8236,imp1,icon,,,Assets_20260731.swf,54ab0ac2693fbdd0afa0491e122bdbc96d942c2e29bbce81d2f54d5e5243f8a0
8234,imr2,icon,,,Assets_20260731.swf,54ab0ac2693fbdd0afa0491e122bdbc96d942c2e29bbce81d2f54d5e5243f8a0
8232,ims1,icon,,,Assets_20260731.swf,54ab0ac2693fbdd0afa0491e122bdbc96d942c2e29bbce81d2f54d5e5243f8a0
8230,ims4,icon,,,Assets_20260731.swf,54ab0ac2693fbdd0afa0491e122bdbc96d942c2e29bbce81d2f54d5e5243f8a0
8228,ims5,icon,,,Assets_20260731.swf,54ab0ac2693fbdd0afa0491e122bdbc96d942c2e29bbce81d2f54d5e5243f8a0
8226,isb1,icon,,,Assets_20260731.swf,54ab0ac2693fbdd0afa0491e122bdbc96d942c2e29bbce81d2f54d5e5243f8a0
8223,isf1,icon,,,Assets_20260731.swf,54ab0ac2693fbdd0afa0491e122bdbc96d942c2e29bbce81d2f54d5e5243f8a0
8221,isi1,icon,,,Assets_20260731.swf,54ab0ac2693fbdd0afa0491e122bdbc96d942c2e29bbce81d2f54d5e5243f8a0
8220,imd1,icon,,,Assets_20260731.swf,54ab0ac2693fbdd0afa0491e122bdbc96d942c2e29bbce81d2f54d5e5243f8a0
8218,imh2,icon,,,Assets_20260731.swf,54ab0ac2693fbdd0afa0491e122bdbc96d942c2e29bbce81d2f54d5e5243f8a0
8216,isp1,icon,,,Assets_20260731.swf,54ab0ac2693fbdd0afa0491e122bdbc96d942c2e29bbce81d2f54d5e5243f8a0
8214,isp2,icon,,,Assets_20260731.swf,54ab0ac2693fbdd0afa0491e122bdbc96d942c2e29bbce81d2f54d5e5243f8a0
8212,isp3,icon,,,Assets_20260731.swf,54ab0ac2693fbdd0afa0491e122bdbc96d942c2e29bbce81d2f54d5e5243f8a0
8211,imc1,icon,,,Assets_20260731.swf,54ab0ac2693fbdd0afa0491e122bdbc96d942c2e29bbce81d2f54d5e5243f8a0
8209,imf1,icon,,,Assets_20260731.swf,54ab0ac2693fbdd0afa0491e122bdbc96d942c2e29bbce81d2f54d5e5243f8a0
8207,iss1,icon,,,Assets_20260731.swf,54ab0ac2693fbdd0afa0491e122bdbc96d942c2e29bbce81d2f54d5e5243f8a0
8206,imh1,icon,,,Assets_20260731.swf,54ab0ac2693fbdd0afa0491e122bdbc96d942c2e29bbce81d2f54d5e5243f8a0
8204,imr1,icon,,,Assets_20260731.swf,54ab0ac2693fbdd0afa0491e122bdbc96d942c2e29bbce81d2f54d5e5243f8a0
8203,ims2,icon,,,Assets_20260731.swf,54ab0ac2693fbdd0afa0491e122bdbc96d942c2e29bbce81d2f54d5e5243f8a0
8200,Tonic,generic,,,Assets_20260731.swf,54ab0ac2693fbdd0afa0491e122bdbc96d942c2e29bbce81d2f54d5e5243f8a0
8194,iiwall,icon,,,Assets_20260731.swf,54ab0ac2693fbdd0afa0491e122bdbc96d942c2e29bbce81d2f54d5e5243f8a0
8193,iiwarmor,icon,,,Assets_20260731.swf,54ab0ac2693fbdd0afa0491e122bdbc96d942c2e29bbce81d2f54d5e5243f8a0
8191,iiwcape,icon,,,Assets_20260731.swf,54ab0ac2693fbdd0afa0491e122bdbc96d942c2e29bbce81d2f54d5e5243f8a0
8189,iiwhelm,icon,,,Assets_20260731.swf,54ab0ac2693fbdd0afa0491e122bdbc96d942c2e29bbce81d2f54d5e5243f8a0
8187,iiwweapon,icon,,,Assets_20260731.swf,54ab0ac2693fbdd0afa0491e122bdbc96d942c2e29bbce81d2f54d5e5243f8a0
8185,firestormmapMC,generic,,,Assets_20260731.swf,54ab0ac2693fbdd0afa0491e122bdbc96d942c2e29bbce81d2f54d5e5243f8a0
8176,Assets_20260702_fla.comp_BtnGenericRound_1382,embedded_visual,,,Assets_20260731.swf,54ab0ac2693fbdd0afa0491e122bdbc96d942c2e29bbce81d2f54d5e5243f8a0
8160,Assets_20260702_fla.linesmap_1377,embedded_visual,,,Assets_20260731.swf,54ab0ac2693fbdd0afa0491e122bdbc96d942c2e29bbce81d2f54d5e5243f8a0
8142,mcShadow,generic,,,Assets_20260731.swf,54ab0ac2693fbdd0afa0491e122bdbc96d942c2e29bbce81d2f54d5e5243f8a0
8139,sp_Archivistaa,effect_visual,Archivist,aa,Assets_20260731.swf,54ab0ac2693fbdd0afa0491e122bdbc96d942c2e29bbce81d2f54d5e5243f8a0
8111,sp_AMa1,effect_visual,AM,a1,Assets_20260731.swf,54ab0ac2693fbdd0afa0491e122bdbc96d942c2e29bbce81d2f54d5e5243f8a0
8050,sp_AMa3,effect_visual,AM,a3,Assets_20260731.swf,54ab0ac2693fbdd0afa0491e122bdbc96d942c2e29bbce81d2f54d5e5243f8a0
8045,sp_AMa4,effect_visual,AM,a4,Assets_20260731.swf,54ab0ac2693fbdd0afa0491e122bdbc96d942c2e29bbce81d2f54d5e5243f8a0
8029,sp_AMSoulB,effect_visual,,,Assets_20260731.swf,54ab0ac2693fbdd0afa0491e122bdbc96d942c2e29bbce81d2f54d5e5243f8a0
8028,sp_AMSoulO,effect_visual,,,Assets_20260731.swf,54ab0ac2693fbdd0afa0491e122bdbc96d942c2e29bbce81d2f54d5e5243f8a0
8021,sp_AMaa,effect_visual,AM,aa,Assets_20260731.swf,54ab0ac2693fbdd0afa0491e122bdbc96d942c2e29bbce81d2f54d5e5243f8a0
8019,sp_AMFire,effect_visual,,,Assets_20260731.swf,54ab0ac2693fbdd0afa0491e122bdbc96d942c2e29bbce81d2f54d5e5243f8a0
8006,barber_a1,skill_visual,barber_,a1,Assets_20260731.swf,54ab0ac2693fbdd0afa0491e122bdbc96d942c2e29bbce81d2f54d5e5243f8a0
7999,barber_a2,skill_visual,barber_,a2,Assets_20260731.swf,54ab0ac2693fbdd0afa0491e122bdbc96d942c2e29bbce81d2f54d5e5243f8a0
7979,barber_a3,skill_visual,barber_,a3,Assets_20260731.swf,54ab0ac2693fbdd0afa0491e122bdbc96d942c2e29bbce81d2f54d5e5243f8a0
7966,barber_a4,skill_visual,barber_,a4,Assets_20260731.swf,54ab0ac2693fbdd0afa0491e122bdbc96d942c2e29bbce81d2f54d5e5243f8a0
7949,sp_cssa1,effect_visual,css,a1,Assets_20260731.swf,54ab0ac2693fbdd0afa0491e122bdbc96d942c2e29bbce81d2f54d5e5243f8a0
7939,sp_cssa2,effect_visual,css,a2,Assets_20260731.swf,54ab0ac2693fbdd0afa0491e122bdbc96d942c2e29bbce81d2f54d5e5243f8a0
7905,sp_cssa3,effect_visual,css,a3,Assets_20260731.swf,54ab0ac2693fbdd0afa0491e122bdbc96d942c2e29bbce81d2f54d5e5243f8a0
7874,sp_cssa4,effect_visual,css,a4,Assets_20260731.swf,54ab0ac2693fbdd0afa0491e122bdbc96d942c2e29bbce81d2f54d5e5243f8a0
7872,DC_a4,skill_visual,DC_,a4,Assets_20260731.swf,54ab0ac2693fbdd0afa0491e122bdbc96d942c2e29bbce81d2f54d5e5243f8a0
7871,DC_a1,skill_visual,DC_,a1,Assets_20260731.swf,54ab0ac2693fbdd0afa0491e122bdbc96d942c2e29bbce81d2f54d5e5243f8a0
7838,DC_a3,skill_visual,DC_,a3,Assets_20260731.swf,54ab0ac2693fbdd0afa0491e122bdbc96d942c2e29bbce81d2f54d5e5243f8a0
7835,DC_aa,skill_visual,DC_,aa,Assets_20260731.swf,54ab0ac2693fbdd0afa0491e122bdbc96d942c2e29bbce81d2f54d5e5243f8a0
7810,DC_a2,skill_visual,DC_,a2,Assets_20260731.swf,54ab0ac2693fbdd0afa0491e122bdbc96d942c2e29bbce81d2f54d5e5243f8a0
7807,ef_ab,effect_visual,,,Assets_20260731.swf,54ab0ac2693fbdd0afa0491e122bdbc96d942c2e29bbce81d2f54d5e5243f8a0
7787,ef_be,effect_visual,,,Assets_20260731.swf,54ab0ac2693fbdd0afa0491e122bdbc96d942c2e29bbce81d2f54d5e5243f8a0
7786,ef_binkyrun,effect_visual,,,Assets_20260731.swf,54ab0ac2693fbdd0afa0491e122bdbc96d942c2e29bbce81d2f54d5e5243f8a0
7785,Assets_20260702_fla.Binky_Walker_1590,embedded_visual,,,Assets_20260731.swf,54ab0ac2693fbdd0afa0491e122bdbc96d942c2e29bbce81d2f54d5e5243f8a0
7739,ef_blader,effect_visual,,,Assets_20260731.swf,54ab0ac2693fbdd0afa0491e122bdbc96d942c2e29bbce81d2f54d5e5243f8a0
7738,ef_coin,effect_visual,,,Assets_20260731.swf,54ab0ac2693fbdd0afa0491e122bdbc96d942c2e29bbce81d2f54d5e5243f8a0
7735,ef_coinattack,effect_visual,,,Assets_20260731.swf,54ab0ac2693fbdd0afa0491e122bdbc96d942c2e29bbce81d2f54d5e5243f8a0
7734,ef_coinattack2,effect_visual,coinattack,a2,Assets_20260731.swf,54ab0ac2693fbdd0afa0491e122bdbc96d942c2e29bbce81d2f54d5e5243f8a0
7726,ef_dsg3,effect_visual,dsg,a3,Assets_20260731.swf,54ab0ac2693fbdd0afa0491e122bdbc96d942c2e29bbce81d2f54d5e5243f8a0
7721,ef_dsg4,effect_visual,dsg,a4,Assets_20260731.swf,54ab0ac2693fbdd0afa0491e122bdbc96d942c2e29bbce81d2f54d5e5243f8a0
7650,ef_fs,effect_visual,,,Assets_20260731.swf,54ab0ac2693fbdd0afa0491e122bdbc96d942c2e29bbce81d2f54d5e5243f8a0
7641,ef_fw,effect_visual,,,Assets_20260731.swf,54ab0ac2693fbdd0afa0491e122bdbc96d942c2e29bbce81d2f54d5e5243f8a0
7640,Assets_20260702_fla.Fireworks_Fireworkc_1639,embedded_visual,,,Assets_20260731.swf,54ab0ac2693fbdd0afa0491e122bdbc96d942c2e29bbce81d2f54d5e5243f8a0
7637,Assets_20260702_fla.Fireworks_FireworkB_1636,embedded_visual,,,Assets_20260731.swf,54ab0ac2693fbdd0afa0491e122bdbc96d942c2e29bbce81d2f54d5e5243f8a0
7636,Assets_20260702_fla.Fireworks_Icon_QuestB_1638,embedded_visual,,,Assets_20260731.swf,54ab0ac2693fbdd0afa0491e122bdbc96d942c2e29bbce81d2f54d5e5243f8a0
7633,Assets_20260702_fla.Fireworks_Firework_1633,embedded_visual,,,Assets_20260731.swf,54ab0ac2693fbdd0afa0491e122bdbc96d942c2e29bbce81d2f54d5e5243f8a0
7632,Assets_20260702_fla.Fireworks_Icon_Quest_1635,embedded_visual,,,Assets_20260731.swf,54ab0ac2693fbdd0afa0491e122bdbc96d942c2e29bbce81d2f54d5e5243f8a0
7626,ef_ga,effect_visual,,,Assets_20260731.swf,54ab0ac2693fbdd0afa0491e122bdbc96d942c2e29bbce81d2f54d5e5243f8a0
7618,ef_goldenpig,effect_visual,,,Assets_20260731.swf,54ab0ac2693fbdd0afa0491e122bdbc96d942c2e29bbce81d2f54d5e5243f8a0
7558,ef_grumpyrbcat,effect_visual,,,Assets_20260731.swf,54ab0ac2693fbdd0afa0491e122bdbc96d942c2e29bbce81d2f54d5e5243f8a0
7525,ef_gt4,effect_visual,gt,a4,Assets_20260731.swf,54ab0ac2693fbdd0afa0491e122bdbc96d942c2e29bbce81d2f54d5e5243f8a0
7436,ef_ic,effect_visual,,,Assets_20260731.swf,54ab0ac2693fbdd0afa0491e122bdbc96d942c2e29bbce81d2f54d5e5243f8a0
7423,ef_ligh,effect_visual,,,Assets_20260731.swf,54ab0ac2693fbdd0afa0491e122bdbc96d942c2e29bbce81d2f54d5e5243f8a0
7422,ef_me,effect_visual,,,Assets_20260731.swf,54ab0ac2693fbdd0afa0491e122bdbc96d942c2e29bbce81d2f54d5e5243f8a0
7421,ef_ms,effect_visual,,,Assets_20260731.swf,54ab0ac2693fbdd0afa0491e122bdbc96d942c2e29bbce81d2f54d5e5243f8a0
7410,ef_ninja1,effect_visual,ninj,a1,Assets_20260731.swf,54ab0ac2693fbdd0afa0491e122bdbc96d942c2e29bbce81d2f54d5e5243f8a0
7315,ef_pf,effect_visual,,,Assets_20260731.swf,54ab0ac2693fbdd0afa0491e122bdbc96d942c2e29bbce81d2f54d5e5243f8a0
7310,Assets_20260702_fla.PigFly_headpiggycopy_1835,embedded_visual,,,Assets_20260731.swf,54ab0ac2693fbdd0afa0491e122bdbc96d942c2e29bbce81d2f54d5e5243f8a0
7285,Assets_20260702_fla.PigFly_Pigasusflyin__1787,embedded_visual,,,Assets_20260731.swf,54ab0ac2693fbdd0afa0491e122bdbc96d942c2e29bbce81d2f54d5e5243f8a0
7284,Assets_20260702_fla.PigFly_Pigasusflyz_1788,embedded_visual,,,Assets_20260731.swf,54ab0ac2693fbdd0afa0491e122bdbc96d942c2e29bbce81d2f54d5e5243f8a0
7283,Assets_20260702_fla.PigFly_headpiggy_1822,embedded_visual,,,Assets_20260731.swf,54ab0ac2693fbdd0afa0491e122bdbc96d942c2e29bbce81d2f54d5e5243f8a0
7216,Assets_20260702_fla.PigFly_tailpig_1789,embedded_visual,,,Assets_20260731.swf,54ab0ac2693fbdd0afa0491e122bdbc96d942c2e29bbce81d2f54d5e5243f8a0
7213,ef_pump,effect_visual,,,Assets_20260731.swf,54ab0ac2693fbdd0afa0491e122bdbc96d942c2e29bbce81d2f54d5e5243f8a0
7187,ef_sb,effect_visual,,,Assets_20260731.swf,54ab0ac2693fbdd0afa0491e122bdbc96d942c2e29bbce81d2f54d5e5243f8a0
7183,ef_siphon,effect_visual,,,Assets_20260731.swf,54ab0ac2693fbdd0afa0491e122bdbc96d942c2e29bbce81d2f54d5e5243f8a0
7172,ef_sk,effect_visual,,,Assets_20260731.swf,54ab0ac2693fbdd0afa0491e122bdbc96d942c2e29bbce81d2f54d5e5243f8a0
7145,ef_skelerun,effect_visual,,,Assets_20260731.swf,54ab0ac2693fbdd0afa0491e122bdbc96d942c2e29bbce81d2f54d5e5243f8a0
7115,ef_smoke,effect_visual,,,Assets_20260731.swf,54ab0ac2693fbdd0afa0491e122bdbc96d942c2e29bbce81d2f54d5e5243f8a0
7114,ef_spsb,effect_visual,,,Assets_20260731.swf,54ab0ac2693fbdd0afa0491e122bdbc96d942c2e29bbce81d2f54d5e5243f8a0
7056,ef_swi,effect_visual,,,Assets_20260731.swf,54ab0ac2693fbdd0afa0491e122bdbc96d942c2e29bbce81d2f54d5e5243f8a0
7012,ef_wb,effect_visual,,,Assets_20260731.swf,54ab0ac2693fbdd0afa0491e122bdbc96d942c2e29bbce81d2f54d5e5243f8a0
6967,ef_whip,effect_visual,,,Assets_20260731.swf,54ab0ac2693fbdd0afa0491e122bdbc96d942c2e29bbce81d2f54d5e5243f8a0
6962,ef_ww,effect_visual,,,Assets_20260731.swf,54ab0ac2693fbdd0afa0491e122bdbc96d942c2e29bbce81d2f54d5e5243f8a0
6950,eg_gt1,generic,,,Assets_20260731.swf,54ab0ac2693fbdd0afa0491e122bdbc96d942c2e29bbce81d2f54d5e5243f8a0
6928,sp_ShieldCard,effect_visual,,,Assets_20260731.swf,54ab0ac2693fbdd0afa0491e122bdbc96d942c2e29bbce81d2f54d5e5243f8a0
6927,Assets_20260702_fla.FloatingShieldAura_1934,aura_visual,Assets_20260702_fla.FloatingShieldAura_193,a4,Assets_20260731.swf,54ab0ac2693fbdd0afa0491e122bdbc96d942c2e29bbce81d2f54d5e5243f8a0
6923,sp_GlaWa1,effect_visual,GlaW,a1,Assets_20260731.swf,54ab0ac2693fbdd0afa0491e122bdbc96d942c2e29bbce81d2f54d5e5243f8a0
6922,Assets_20260702_fla.GlacialWarlordAura_1938,aura_visual,,,Assets_20260731.swf,54ab0ac2693fbdd0afa0491e122bdbc96d942c2e29bbce81d2f54d5e5243f8a0
6913,sp_GlaWa2,effect_visual,GlaW,a2,Assets_20260731.swf,54ab0ac2693fbdd0afa0491e122bdbc96d942c2e29bbce81d2f54d5e5243f8a0
6912,Assets_20260702_fla.GlaWaFrostFangBeast_1945,embedded_visual,,,Assets_20260731.swf,54ab0ac2693fbdd0afa0491e122bdbc96d942c2e29bbce81d2f54d5e5243f8a0
6900,sp_GlaWa3,effect_visual,GlaW,a3,Assets_20260731.swf,54ab0ac2693fbdd0afa0491e122bdbc96d942c2e29bbce81d2f54d5e5243f8a0
6892,sp_HBVa1,effect_visual,HBV,a1,Assets_20260731.swf,54ab0ac2693fbdd0afa0491e122bdbc96d942c2e29bbce81d2f54d5e5243f8a0
6888,sp_HBVa2,effect_visual,HBV,a2,Assets_20260731.swf,54ab0ac2693fbdd0afa0491e122bdbc96d942c2e29bbce81d2f54d5e5243f8a0
6872,Assets_20260702_fla.glimmerCC_1969,embedded_visual,,,Assets_20260731.swf,54ab0ac2693fbdd0afa0491e122bdbc96d942c2e29bbce81d2f54d5e5243f8a0
6846,Assets_20260702_fla.eg_1965,embedded_visual,,,Assets_20260731.swf,54ab0ac2693fbdd0afa0491e122bdbc96d942c2e29bbce81d2f54d5e5243f8a0
6843,sp_HBVa3,effect_visual,HBV,a3,Assets_20260731.swf,54ab0ac2693fbdd0afa0491e122bdbc96d942c2e29bbce81d2f54d5e5243f8a0
6822,Assets_20260702_fla.shadowspank2_1985,embedded_visual,,,Assets_20260731.swf,54ab0ac2693fbdd0afa0491e122bdbc96d942c2e29bbce81d2f54d5e5243f8a0
6803,Assets_20260702_fla.spiralenergy_1962,embedded_visual,,,Assets_20260731.swf,54ab0ac2693fbdd0afa0491e122bdbc96d942c2e29bbce81d2f54d5e5243f8a0
6787,Assets_20260702_fla.ccb_cc_1967,embedded_visual,,,Assets_20260731.swf,54ab0ac2693fbdd0afa0491e122bdbc96d942c2e29bbce81d2f54d5e5243f8a0
6782,Assets_20260702_fla.cchsymb_1979,embedded_visual,,,Assets_20260731.swf,54ab0ac2693fbdd0afa0491e122bdbc96d942c2e29bbce81d2f54d5e5243f8a0
6780,Assets_20260702_fla.glcr_1976,embedded_visual,,,Assets_20260731.swf,54ab0ac2693fbdd0afa0491e122bdbc96d942c2e29bbce81d2f54d5e5243f8a0
6774,sp_HBVa4,effect_visual,HBV,a4,Assets_20260731.swf,54ab0ac2693fbdd0afa0491e122bdbc96d942c2e29bbce81d2f54d5e5243f8a0
6749,Assets_20260702_fla.pwings_anim_1989,embedded_visual,,,Assets_20260731.swf,54ab0ac2693fbdd0afa0491e122bdbc96d942c2e29bbce81d2f54d5e5243f8a0
6725,Assets_20260702_fla.HBGlow_1955,embedded_visual,,,Assets_20260731.swf,54ab0ac2693fbdd0afa0491e122bdbc96d942c2e29bbce81d2f54d5e5243f8a0
6723,sp_HBVaa,effect_visual,HBV,aa,Assets_20260731.swf,54ab0ac2693fbdd0afa0491e122bdbc96d942c2e29bbce81d2f54d5e5243f8a0
6719,Assets_20260702_fla.splash_1996,embedded_visual,,,Assets_20260731.swf,54ab0ac2693fbdd0afa0491e122bdbc96d942c2e29bbce81d2f54d5e5243f8a0
6708,sp_Ionaa1,effect_visual,Iona,a1,Assets_20260731.swf,54ab0ac2693fbdd0afa0491e122bdbc96d942c2e29bbce81d2f54d5e5243f8a0
6684,sp_Ionaa2,effect_visual,Iona,a2,Assets_20260731.swf,54ab0ac2693fbdd0afa0491e122bdbc96d942c2e29bbce81d2f54d5e5243f8a0
6683,sp_Ionaa3,effect_visual,Iona,a3,Assets_20260731.swf,54ab0ac2693fbdd0afa0491e122bdbc96d942c2e29bbce81d2f54d5e5243f8a0
6605,sp_Ionaa4,effect_visual,Iona,a4,Assets_20260731.swf,54ab0ac2693fbdd0afa0491e122bdbc96d942c2e29bbce81d2f54d5e5243f8a0
6593,sp_NegativeEnergy,effect_visual,,,Assets_20260731.swf,54ab0ac2693fbdd0afa0491e122bdbc96d942c2e29bbce81d2f54d5e5243f8a0
6592,sp_NegativeEnergy2,effect_visual,NegativeEnergy,a2,Assets_20260731.swf,54ab0ac2693fbdd0afa0491e122bdbc96d942c2e29bbce81d2f54d5e5243f8a0
6591,Assets_20260702_fla.IonaNegativeEnergy_2056,embedded_visual,,,Assets_20260731.swf,54ab0ac2693fbdd0afa0491e122bdbc96d942c2e29bbce81d2f54d5e5243f8a0
6585,sp_PositiveEnergy,effect_visual,,,Assets_20260731.swf,54ab0ac2693fbdd0afa0491e122bdbc96d942c2e29bbce81d2f54d5e5243f8a0
6584,Assets_20260702_fla.IonaPositiveEnergy_2065,embedded_visual,,,Assets_20260731.swf,54ab0ac2693fbdd0afa0491e122bdbc96d942c2e29bbce81d2f54d5e5243f8a0
6578,sp_ReverseEnergy,effect_visual,,,Assets_20260731.swf,54ab0ac2693fbdd0afa0491e122bdbc96d942c2e29bbce81d2f54d5e5243f8a0
6577,Assets_20260702_fla.IonaReverseEnergy_2071,embedded_visual,,,Assets_20260731.swf,54ab0ac2693fbdd0afa0491e122bdbc96d942c2e29bbce81d2f54d5e5243f8a0
6567,mtl_a1,generic,,,Assets_20260731.swf,54ab0ac2693fbdd0afa0491e122bdbc96d942c2e29bbce81d2f54d5e5243f8a0
6515,mtl_a2,generic,,,Assets_20260731.swf,54ab0ac2693fbdd0afa0491e122bdbc96d942c2e29bbce81d2f54d5e5243f8a0
6274,sp_MaAta1,effect_visual,MaAt,a1,Assets_20260731.swf,54ab0ac2693fbdd0afa0491e122bdbc96d942c2e29bbce81d2f54d5e5243f8a0
6273,Assets_20260702_fla.MartialArtistA1_Animation_2180,embedded_visual,,,Assets_20260731.swf,54ab0ac2693fbdd0afa0491e122bdbc96d942c2e29bbce81d2f54d5e5243f8a0
6233,sp_MaAta2,effect_visual,MaAt,a2,Assets_20260731.swf,54ab0ac2693fbdd0afa0491e122bdbc96d942c2e29bbce81d2f54d5e5243f8a0
6188,sp_MaAta3,effect_visual,MaAt,a3,Assets_20260731.swf,54ab0ac2693fbdd0afa0491e122bdbc96d942c2e29bbce81d2f54d5e5243f8a0
6108,sp_MaAta4,effect_visual,MaAt,a4,Assets_20260731.swf,54ab0ac2693fbdd0afa0491e122bdbc96d942c2e29bbce81d2f54d5e5243f8a0
6103,sp_PhanCha1,effect_visual,PhanCh,a1,Assets_20260731.swf,54ab0ac2693fbdd0afa0491e122bdbc96d942c2e29bbce81d2f54d5e5243f8a0
6102,Assets_20260702_fla.PhantomC_A1Anim_2269,embedded_visual,,,Assets_20260731.swf,54ab0ac2693fbdd0afa0491e122bdbc96d942c2e29bbce81d2f54d5e5243f8a0
6086,sp_PhanCha2,effect_visual,PhanCh,a2,Assets_20260731.swf,54ab0ac2693fbdd0afa0491e122bdbc96d942c2e29bbce81d2f54d5e5243f8a0
6085,Assets_20260702_fla.PhantomC_A2Anim_2282,embedded_visual,,,Assets_20260731.swf,54ab0ac2693fbdd0afa0491e122bdbc96d942c2e29bbce81d2f54d5e5243f8a0
6083,sp_PhanCha3,effect_visual,PhanCh,a3,Assets_20260731.swf,54ab0ac2693fbdd0afa0491e122bdbc96d942c2e29bbce81d2f54d5e5243f8a0
6082,Assets_20260702_fla.PhantomC_A3Anim_2287,embedded_visual,,,Assets_20260731.swf,54ab0ac2693fbdd0afa0491e122bdbc96d942c2e29bbce81d2f54d5e5243f8a0
6072,sp_PhanCha4,effect_visual,PhanCh,a4,Assets_20260731.swf,54ab0ac2693fbdd0afa0491e122bdbc96d942c2e29bbce81d2f54d5e5243f8a0
6071,Assets_20260702_fla.PhantomC_A4Anim_2289,embedded_visual,,,Assets_20260731.swf,54ab0ac2693fbdd0afa0491e122bdbc96d942c2e29bbce81d2f54d5e5243f8a0
6061,sp_PhanChaa,effect_visual,PhanCh,aa,Assets_20260731.swf,54ab0ac2693fbdd0afa0491e122bdbc96d942c2e29bbce81d2f54d5e5243f8a0
6060,Assets_20260702_fla.PhantomC_AAAnim_2317,embedded_visual,,,Assets_20260731.swf,54ab0ac2693fbdd0afa0491e122bdbc96d942c2e29bbce81d2f54d5e5243f8a0
5996,sp_ReaperPWD,effect_visual,,,Assets_20260731.swf,54ab0ac2693fbdd0afa0491e122bdbc96d942c2e29bbce81d2f54d5e5243f8a0
5900,Assets_20260702_fla.ElementalWheewlSpinner_2319,embedded_visual,,,Assets_20260731.swf,54ab0ac2693fbdd0afa0491e122bdbc96d942c2e29bbce81d2f54d5e5243f8a0
5879,sp_sofa1,effect_visual,sof,a1,Assets_20260731.swf,54ab0ac2693fbdd0afa0491e122bdbc96d942c2e29bbce81d2f54d5e5243f8a0
5861,sp_sofa2,effect_visual,sof,a2,Assets_20260731.swf,54ab0ac2693fbdd0afa0491e122bdbc96d942c2e29bbce81d2f54d5e5243f8a0
5831,sp_sofa3,effect_visual,sof,a3,Assets_20260731.swf,54ab0ac2693fbdd0afa0491e122bdbc96d942c2e29bbce81d2f54d5e5243f8a0
5785,sp_sofa4,effect_visual,sof,a4,Assets_20260731.swf,54ab0ac2693fbdd0afa0491e122bdbc96d942c2e29bbce81d2f54d5e5243f8a0
5754,sp_sofSura1,effect_visual,sofSur,a1,Assets_20260731.swf,54ab0ac2693fbdd0afa0491e122bdbc96d942c2e29bbce81d2f54d5e5243f8a0
5753,Assets_20260702_fla.Anim_2026Animations_ScionofFlame_SOFAura1_2366,aura_visual,,,Assets_20260731.swf,54ab0ac2693fbdd0afa0491e122bdbc96d942c2e29bbce81d2f54d5e5243f8a0
5712,sp_sofSura2,effect_visual,sofSur,a2,Assets_20260731.swf,54ab0ac2693fbdd0afa0491e122bdbc96d942c2e29bbce81d2f54d5e5243f8a0
5711,Assets_20260702_fla.Anim_2026Animations_ScionofFlame_SOFAura2_2370,aura_visual,,,Assets_20260731.swf,54ab0ac2693fbdd0afa0491e122bdbc96d942c2e29bbce81d2f54d5e5243f8a0
5670,sp_sofSura3,effect_visual,sofSur,a3,Assets_20260731.swf,54ab0ac2693fbdd0afa0491e122bdbc96d942c2e29bbce81d2f54d5e5243f8a0
5669,Assets_20260702_fla.Anim_2026Animations_ScionofFlame_SOFAura3_2374,aura_visual,Assets_20260702_fla.Anim_2026Animations_ScionofFlame_SOFAura3_237,a4,Assets_20260731.swf,54ab0ac2693fbdd0afa0491e122bdbc96d942c2e29bbce81d2f54d5e5243f8a0
5628,sp_sofSura4,effect_visual,sofSur,a4,Assets_20260731.swf,54ab0ac2693fbdd0afa0491e122bdbc96d942c2e29bbce81d2f54d5e5243f8a0
5627,Assets_20260702_fla.Anim_2026Animations_ScionofFlame_SOFAura4_2378,aura_visual,,,Assets_20260731.swf,54ab0ac2693fbdd0afa0491e122bdbc96d942c2e29bbce81d2f54d5e5243f8a0
5586,sp_sofSura5,effect_visual,sofSur,a5,Assets_20260731.swf,54ab0ac2693fbdd0afa0491e122bdbc96d942c2e29bbce81d2f54d5e5243f8a0
5585,Assets_20260702_fla.Anim_2026Animations_ScionofFlame_SOFAura5_2382,aura_visual,Assets_20260702_fla.Anim_2026Animations_ScionofFlame_SOFAura5_238,a2,Assets_20260731.swf,54ab0ac2693fbdd0afa0491e122bdbc96d942c2e29bbce81d2f54d5e5243f8a0
5544,sp_abys1,effect_visual,abys,a1,Assets_20260731.swf,54ab0ac2693fbdd0afa0491e122bdbc96d942c2e29bbce81d2f54d5e5243f8a0
5512,sp_abys2,effect_visual,abys,a2,Assets_20260731.swf,54ab0ac2693fbdd0afa0491e122bdbc96d942c2e29bbce81d2f54d5e5243f8a0
5444,sp_abys2a,effect_visual,,,Assets_20260731.swf,54ab0ac2693fbdd0afa0491e122bdbc96d942c2e29bbce81d2f54d5e5243f8a0
5443,sp_abys2aa,effect_visual,abys2,aa,Assets_20260731.swf,54ab0ac2693fbdd0afa0491e122bdbc96d942c2e29bbce81d2f54d5e5243f8a0
5440,sp_abys4,effect_visual,abys,a4,Assets_20260731.swf,54ab0ac2693fbdd0afa0491e122bdbc96d942c2e29bbce81d2f54d5e5243f8a0
5416,sp_apal1,effect_visual,apal,a1,Assets_20260731.swf,54ab0ac2693fbdd0afa0491e122bdbc96d942c2e29bbce81d2f54d5e5243f8a0
5415,sp_apal3,effect_visual,apal,a3,Assets_20260731.swf,54ab0ac2693fbdd0afa0491e122bdbc96d942c2e29bbce81d2f54d5e5243f8a0
5388,sp_apal4,effect_visual,apal,a4,Assets_20260731.swf,54ab0ac2693fbdd0afa0491e122bdbc96d942c2e29bbce81d2f54d5e5243f8a0
5360,sp_Archivista1,effect_visual,Archivist,a1,Assets_20260731.swf,54ab0ac2693fbdd0afa0491e122bdbc96d942c2e29bbce81d2f54d5e5243f8a0
5349,Assets_20260702_fla.ArchivistofTime_ManaCrest40_Class_2436,embedded_visual,,,Assets_20260731.swf,54ab0ac2693fbdd0afa0491e122bdbc96d942c2e29bbce81d2f54d5e5243f8a0
5336,sp_Archivista2,effect_visual,Archivist,a2,Assets_20260731.swf,54ab0ac2693fbdd0afa0491e122bdbc96d942c2e29bbce81d2f54d5e5243f8a0
5333,sp_Archivista3,effect_visual,Archivist,a3,Assets_20260731.swf,54ab0ac2693fbdd0afa0491e122bdbc96d942c2e29bbce81d2f54d5e5243f8a0
5309,sp_Archivista4,effect_visual,Archivist,a4,Assets_20260731.swf,54ab0ac2693fbdd0afa0491e122bdbc96d942c2e29bbce81d2f54d5e5243f8a0
5263,sp_ArcInva1,effect_visual,ArcInv,a1,Assets_20260731.swf,54ab0ac2693fbdd0afa0491e122bdbc96d942c2e29bbce81d2f54d5e5243f8a0
5254,sp_ArcInva2,effect_visual,ArcInv,a2,Assets_20260731.swf,54ab0ac2693fbdd0afa0491e122bdbc96d942c2e29bbce81d2f54d5e5243f8a0
5253,sp_ArcInva2Aura,aura_visual,,,Assets_20260731.swf,54ab0ac2693fbdd0afa0491e122bdbc96d942c2e29bbce81d2f54d5e5243f8a0
5252,Assets_20260702_fla.A1RingAura_2471,aura_visual,Assets_20260702_fla.A1RingAura_247,a1,Assets_20260731.swf,54ab0ac2693fbdd0afa0491e122bdbc96d942c2e29bbce81d2f54d5e5243f8a0
5251,sp_ArcInva3,effect_visual,ArcInv,a3,Assets_20260731.swf,54ab0ac2693fbdd0afa0491e122bdbc96d942c2e29bbce81d2f54d5e5243f8a0
5210,sp_ArcInva4,effect_visual,ArcInv,a4,Assets_20260731.swf,54ab0ac2693fbdd0afa0491e122bdbc96d942c2e29bbce81d2f54d5e5243f8a0
5174,sp_ArcInvaa,effect_visual,ArcInv,aa,Assets_20260731.swf,54ab0ac2693fbdd0afa0491e122bdbc96d942c2e29bbce81d2f54d5e5243f8a0
5145,sp_ball,effect_visual,,,Assets_20260731.swf,54ab0ac2693fbdd0afa0491e122bdbc96d942c2e29bbce81d2f54d5e5243f8a0
5135,sp_Berserk2026a1,effect_visual,Berserk2026,a1,Assets_20260731.swf,54ab0ac2693fbdd0afa0491e122bdbc96d942c2e29bbce81d2f54d5e5243f8a0
5117,sp_Berserk2026a2,effect_visual,Berserk2026,a2,Assets_20260731.swf,54ab0ac2693fbdd0afa0491e122bdbc96d942c2e29bbce81d2f54d5e5243f8a0
5108,Assets_20260702_fla.Anim_2026Animations_Berserker2026_whirlwind_2509,embedded_visual,,,Assets_20260731.swf,54ab0ac2693fbdd0afa0491e122bdbc96d942c2e29bbce81d2f54d5e5243f8a0
5100,sp_Berserk2026a3,effect_visual,Berserk2026,a3,Assets_20260731.swf,54ab0ac2693fbdd0afa0491e122bdbc96d942c2e29bbce81d2f54d5e5243f8a0
5080,sp_Berserk2026a4,effect_visual,Berserk2026,a4,Assets_20260731.swf,54ab0ac2693fbdd0afa0491e122bdbc96d942c2e29bbce81d2f54d5e5243f8a0
5079,Assets_20260702_fla.Anim_2026Animations_Berserker2026_vampirebat_2515,embedded_visual,,,Assets_20260731.swf,54ab0ac2693fbdd0afa0491e122bdbc96d942c2e29bbce81d2f54d5e5243f8a0
5058,Assets_20260702_fla.Anim_2026Animations_Berserker2026_sum_2516,embedded_visual,,,Assets_20260731.swf,54ab0ac2693fbdd0afa0491e122bdbc96d942c2e29bbce81d2f54d5e5243f8a0
5025,sp_Berserk2026aa,effect_visual,Berserk2026,aa,Assets_20260731.swf,54ab0ac2693fbdd0afa0491e122bdbc96d942c2e29bbce81d2f54d5e5243f8a0
5006,sp_bite,effect_visual,,,Assets_20260731.swf,54ab0ac2693fbdd0afa0491e122bdbc96d942c2e29bbce81d2f54d5e5243f8a0
4995,sp_blmstra1,effect_visual,blmstr,a1,Assets_20260731.swf,54ab0ac2693fbdd0afa0491e122bdbc96d942c2e29bbce81d2f54d5e5243f8a0
4993,Assets_20260702_fla.blmstr_insidea1_2535,embedded_visual,,,Assets_20260731.swf,54ab0ac2693fbdd0afa0491e122bdbc96d942c2e29bbce81d2f54d5e5243f8a0
4979,sp_blmstra2,effect_visual,blmstr,a2,Assets_20260731.swf,54ab0ac2693fbdd0afa0491e122bdbc96d942c2e29bbce81d2f54d5e5243f8a0
4978,Assets_20260702_fla.blmstr_homingz_2537,embedded_visual,,,Assets_20260731.swf,54ab0ac2693fbdd0afa0491e122bdbc96d942c2e29bbce81d2f54d5e5243f8a0
4951,sp_blmstra3,effect_visual,blmstr,a3,Assets_20260731.swf,54ab0ac2693fbdd0afa0491e122bdbc96d942c2e29bbce81d2f54d5e5243f8a0
4892,sp_blmstra4,effect_visual,blmstr,a4,Assets_20260731.swf,54ab0ac2693fbdd0afa0491e122bdbc96d942c2e29bbce81d2f54d5e5243f8a0
4868,sp_blmstraa,effect_visual,blmstr,aa,Assets_20260731.swf,54ab0ac2693fbdd0afa0491e122bdbc96d942c2e29bbce81d2f54d5e5243f8a0
4863,sp_BTa1,effect_visual,BT,a1,Assets_20260731.swf,54ab0ac2693fbdd0afa0491e122bdbc96d942c2e29bbce81d2f54d5e5243f8a0
4804,sp_BTa2,effect_visual,BT,a2,Assets_20260731.swf,54ab0ac2693fbdd0afa0491e122bdbc96d942c2e29bbce81d2f54d5e5243f8a0
4799,sp_BTa4,effect_visual,BT,a4,Assets_20260731.swf,54ab0ac2693fbdd0afa0491e122bdbc96d942c2e29bbce81d2f54d5e5243f8a0
4782,sp_C1,effect_visual,C,a1,Assets_20260731.swf,54ab0ac2693fbdd0afa0491e122bdbc96d942c2e29bbce81d2f54d5e5243f8a0
4780,sp_card_bard,effect_visual,,,Assets_20260731.swf,54ab0ac2693fbdd0afa0491e122bdbc96d942c2e29bbce81d2f54d5e5243f8a0
4779,Assets_20260702_fla.spfx_card_bard_anim_inner_2575,embedded_visual,,,Assets_20260731.swf,54ab0ac2693fbdd0afa0491e122bdbc96d942c2e29bbce81d2f54d5e5243f8a0
4773,sp_card_defense,effect_visual,,,Assets_20260731.swf,54ab0ac2693fbdd0afa0491e122bdbc96d942c2e29bbce81d2f54d5e5243f8a0
4772,Assets_20260702_fla.spfx_card_defense_anim_inner_2581,embedded_visual,,,Assets_20260731.swf,54ab0ac2693fbdd0afa0491e122bdbc96d942c2e29bbce81d2f54d5e5243f8a0
4771,sp_card_dmk,effect_visual,,,Assets_20260731.swf,54ab0ac2693fbdd0afa0491e122bdbc96d942c2e29bbce81d2f54d5e5243f8a0
4770,Assets_20260702_fla.spfx_card_dmk_anim_inner_2585,embedded_visual,,,Assets_20260731.swf,54ab0ac2693fbdd0afa0491e122bdbc96d942c2e29bbce81d2f54d5e5243f8a0
4765,sp_card_heal,effect_visual,,,Assets_20260731.swf,54ab0ac2693fbdd0afa0491e122bdbc96d942c2e29bbce81d2f54d5e5243f8a0
4764,Assets_20260702_fla.spfx_card_heal_anim_inner_2588,embedded_visual,,,Assets_20260731.swf,54ab0ac2693fbdd0afa0491e122bdbc96d942c2e29bbce81d2f54d5e5243f8a0
4763,sp_card_leghero,effect_visual,,,Assets_20260731.swf,54ab0ac2693fbdd0afa0491e122bdbc96d942c2e29bbce81d2f54d5e5243f8a0
4762,Assets_20260702_fla.spfx_card_leghero_anim_inner_2591,embedded_visual,,,Assets_20260731.swf,54ab0ac2693fbdd0afa0491e122bdbc96d942c2e29bbce81d2f54d5e5243f8a0
4757,sp_card_necro,effect_visual,,,Assets_20260731.swf,54ab0ac2693fbdd0afa0491e122bdbc96d942c2e29bbce81d2f54d5e5243f8a0
4756,Assets_20260702_fla.spfx_card_necro_anim_inner_2594,embedded_visual,,,Assets_20260731.swf,54ab0ac2693fbdd0afa0491e122bdbc96d942c2e29bbce81d2f54d5e5243f8a0
4744,sp_card_offense,effect_visual,,,Assets_20260731.swf,54ab0ac2693fbdd0afa0491e122bdbc96d942c2e29bbce81d2f54d5e5243f8a0
4743,Assets_20260702_fla.spfx_card_offense_anim_inner_2602,embedded_visual,,,Assets_20260731.swf,54ab0ac2693fbdd0afa0491e122bdbc96d942c2e29bbce81d2f54d5e5243f8a0
4742,sp_card_pally,effect_visual,,,Assets_20260731.swf,54ab0ac2693fbdd0afa0491e122bdbc96d942c2e29bbce81d2f54d5e5243f8a0
4741,Assets_20260702_fla.spfx_card_pally_anim_inner_2606,embedded_visual,,,Assets_20260731.swf,54ab0ac2693fbdd0afa0491e122bdbc96d942c2e29bbce81d2f54d5e5243f8a0
4726,sp_card_pslayer,effect_visual,,,Assets_20260731.swf,54ab0ac2693fbdd0afa0491e122bdbc96d942c2e29bbce81d2f54d5e5243f8a0
4725,Assets_20260702_fla.spfx_card_pslayer_anim_inner_2609,embedded_visual,,,Assets_20260731.swf,54ab0ac2693fbdd0afa0491e122bdbc96d942c2e29bbce81d2f54d5e5243f8a0
4717,sp_CardClash,effect_visual,,,Assets_20260731.swf,54ab0ac2693fbdd0afa0491e122bdbc96d942c2e29bbce81d2f54d5e5243f8a0
4716,Assets_20260702_fla.CardcrasherWALL_2613,embedded_visual,,,Assets_20260731.swf,54ab0ac2693fbdd0afa0491e122bdbc96d942c2e29bbce81d2f54d5e5243f8a0
4700,ieh1,icon,,,Assets_20260731.swf,54ab0ac2693fbdd0afa0491e122bdbc96d942c2e29bbce81d2f54d5e5243f8a0
4694,sp_chaos1,effect_visual,chaos,a1,Assets_20260731.swf,54ab0ac2693fbdd0afa0491e122bdbc96d942c2e29bbce81d2f54d5e5243f8a0
4666,sp_chaos2,effect_visual,chaos,a2,Assets_20260731.swf,54ab0ac2693fbdd0afa0491e122bdbc96d942c2e29bbce81d2f54d5e5243f8a0
4657,sp_chaos3,effect_visual,chaos,a3,Assets_20260731.swf,54ab0ac2693fbdd0afa0491e122bdbc96d942c2e29bbce81d2f54d5e5243f8a0
4636,sp_chass1,effect_visual,chass,a1,Assets_20260731.swf,54ab0ac2693fbdd0afa0491e122bdbc96d942c2e29bbce81d2f54d5e5243f8a0
4633,sp_chass2,effect_visual,chass,a2,Assets_20260731.swf,54ab0ac2693fbdd0afa0491e122bdbc96d942c2e29bbce81d2f54d5e5243f8a0
4630,sp_chass3,effect_visual,chass,a3,Assets_20260731.swf,54ab0ac2693fbdd0afa0491e122bdbc96d942c2e29bbce81d2f54d5e5243f8a0
4629,sp_chass4,effect_visual,chass,a4,Assets_20260731.swf,54ab0ac2693fbdd0afa0491e122bdbc96d942c2e29bbce81d2f54d5e5243f8a0
4607,sp_Chavenge_a1,effect_visual,Chavenge_,a1,Assets_20260731.swf,54ab0ac2693fbdd0afa0491e122bdbc96d942c2e29bbce81d2f54d5e5243f8a0
4592,sp_Chavenge_a2,effect_visual,Chavenge_,a2,Assets_20260731.swf,54ab0ac2693fbdd0afa0491e122bdbc96d942c2e29bbce81d2f54d5e5243f8a0
4559,sp_Chavenge_a3,effect_visual,Chavenge_,a3,Assets_20260731.swf,54ab0ac2693fbdd0afa0491e122bdbc96d942c2e29bbce81d2f54d5e5243f8a0
4548,sp_Chavenge_a4,effect_visual,Chavenge_,a4,Assets_20260731.swf,54ab0ac2693fbdd0afa0491e122bdbc96d942c2e29bbce81d2f54d5e5243f8a0
4526,sp_Chavenge_aa,effect_visual,Chavenge_,aa,Assets_20260731.swf,54ab0ac2693fbdd0afa0491e122bdbc96d942c2e29bbce81d2f54d5e5243f8a0
4514,sp_classm1,effect_visual,classm,a1,Assets_20260731.swf,54ab0ac2693fbdd0afa0491e122bdbc96d942c2e29bbce81d2f54d5e5243f8a0
4482,sp_classm2,effect_visual,classm,a2,Assets_20260731.swf,54ab0ac2693fbdd0afa0491e122bdbc96d942c2e29bbce81d2f54d5e5243f8a0
4433,sp_classm3,effect_visual,classm,a3,Assets_20260731.swf,54ab0ac2693fbdd0afa0491e122bdbc96d942c2e29bbce81d2f54d5e5243f8a0
4401,sp_classm4,effect_visual,classm,a4,Assets_20260731.swf,54ab0ac2693fbdd0afa0491e122bdbc96d942c2e29bbce81d2f54d5e5243f8a0
4393,Assets_20260702_fla.DragonHeart_RadialBea_2705,embedded_visual,,,Assets_20260731.swf,54ab0ac2693fbdd0afa0491e122bdbc96d942c2e29bbce81d2f54d5e5243f8a0
4376,sp_classm5,effect_visual,classm,a5,Assets_20260731.swf,54ab0ac2693fbdd0afa0491e122bdbc96d942c2e29bbce81d2f54d5e5243f8a0
4318,sp_classm6,effect_visual,,,Assets_20260731.swf,54ab0ac2693fbdd0afa0491e122bdbc96d942c2e29bbce81d2f54d5e5243f8a0
4310,sp_classm7,effect_visual,,,Assets_20260731.swf,54ab0ac2693fbdd0afa0491e122bdbc96d942c2e29bbce81d2f54d5e5243f8a0
4270,sp_conf,effect_visual,,,Assets_20260731.swf,54ab0ac2693fbdd0afa0491e122bdbc96d942c2e29bbce81d2f54d5e5243f8a0
4266,sp_corruptcha1,effect_visual,corruptch,a1,Assets_20260731.swf,54ab0ac2693fbdd0afa0491e122bdbc96d942c2e29bbce81d2f54d5e5243f8a0
4259,sp_corruptcha2,effect_visual,corruptch,a2,Assets_20260731.swf,54ab0ac2693fbdd0afa0491e122bdbc96d942c2e29bbce81d2f54d5e5243f8a0
4252,sp_corruptcha3,effect_visual,corruptch,a3,Assets_20260731.swf,54ab0ac2693fbdd0afa0491e122bdbc96d942c2e29bbce81d2f54d5e5243f8a0
4251,sp_corruptcha4,effect_visual,corruptch,a4,Assets_20260731.swf,54ab0ac2693fbdd0afa0491e122bdbc96d942c2e29bbce81d2f54d5e5243f8a0
4228,sp_corruptchaa,effect_visual,corruptch,aa,Assets_20260731.swf,54ab0ac2693fbdd0afa0491e122bdbc96d942c2e29bbce81d2f54d5e5243f8a0
4214,sp_dai1,effect_visual,dai,a1,Assets_20260731.swf,54ab0ac2693fbdd0afa0491e122bdbc96d942c2e29bbce81d2f54d5e5243f8a0
4192,sp_dai2,effect_visual,dai,a2,Assets_20260731.swf,54ab0ac2693fbdd0afa0491e122bdbc96d942c2e29bbce81d2f54d5e5243f8a0
4191,sp_dai3,effect_visual,dai,a3,Assets_20260731.swf,54ab0ac2693fbdd0afa0491e122bdbc96d942c2e29bbce81d2f54d5e5243f8a0
4171,sp_dai4,effect_visual,dai,a4,Assets_20260731.swf,54ab0ac2693fbdd0afa0491e122bdbc96d942c2e29bbce81d2f54d5e5243f8a0
4165,sp_darkpact,effect_visual,,,Assets_20260731.swf,54ab0ac2693fbdd0afa0491e122bdbc96d942c2e29bbce81d2f54d5e5243f8a0
4102,sp_DKLa1,effect_visual,DKL,a1,Assets_20260731.swf,54ab0ac2693fbdd0afa0491e122bdbc96d942c2e29bbce81d2f54d5e5243f8a0
4101,Assets_20260702_fla._2025Animations_Attack1Drac_25_2744,embedded_visual,,,Assets_20260731.swf,54ab0ac2693fbdd0afa0491e122bdbc96d942c2e29bbce81d2f54d5e5243f8a0
4034,sp_DKLa2,effect_visual,DKL,a2,Assets_20260731.swf,54ab0ac2693fbdd0afa0491e122bdbc96d942c2e29bbce81d2f54d5e5243f8a0
4033,Assets_20260702_fla._2025Animations_Attack2Drac_25_2774,embedded_visual,,,Assets_20260731.swf,54ab0ac2693fbdd0afa0491e122bdbc96d942c2e29bbce81d2f54d5e5243f8a0
4010,sp_drak4,effect_visual,drak,a4,Assets_20260731.swf,54ab0ac2693fbdd0afa0491e122bdbc96d942c2e29bbce81d2f54d5e5243f8a0
3995,sp_DVHLa1,effect_visual,DVHL,a1,Assets_20260731.swf,54ab0ac2693fbdd0afa0491e122bdbc96d942c2e29bbce81d2f54d5e5243f8a0
3979,sp_DVHLa2,effect_visual,DVHL,a2,Assets_20260731.swf,54ab0ac2693fbdd0afa0491e122bdbc96d942c2e29bbce81d2f54d5e5243f8a0
3961,sp_DVHLa3,effect_visual,DVHL,a3,Assets_20260731.swf,54ab0ac2693fbdd0afa0491e122bdbc96d942c2e29bbce81d2f54d5e5243f8a0
3938,sp_DVHLa4,effect_visual,DVHL,a4,Assets_20260731.swf,54ab0ac2693fbdd0afa0491e122bdbc96d942c2e29bbce81d2f54d5e5243f8a0
3872,sp_DVHLaa,effect_visual,DVHL,aa,Assets_20260731.swf,54ab0ac2693fbdd0afa0491e122bdbc96d942c2e29bbce81d2f54d5e5243f8a0
3871,Assets_20260702_fla.VHL_DebrisVoidHighlord_voidhWALL_2856,embedded_visual,,,Assets_20260731.swf,54ab0ac2693fbdd0afa0491e122bdbc96d942c2e29bbce81d2f54d5e5243f8a0
3847,Assets_20260702_fla.VHL_DebrisVoidHighlord_ChainsawBladeSmallAccCC_2847,embedded_visual,,,Assets_20260731.swf,54ab0ac2693fbdd0afa0491e122bdbc96d942c2e29bbce81d2f54d5e5243f8a0
3829,sp_ea1,effect_visual,e,a1,Assets_20260731.swf,54ab0ac2693fbdd0afa0491e122bdbc96d942c2e29bbce81d2f54d5e5243f8a0
3828,Assets_20260702_fla.ManaShield3_2859,embedded_visual,,,Assets_20260731.swf,54ab0ac2693fbdd0afa0491e122bdbc96d942c2e29bbce81d2f54d5e5243f8a0
3814,sp_ea2,effect_visual,e,a2,Assets_20260731.swf,54ab0ac2693fbdd0afa0491e122bdbc96d942c2e29bbce81d2f54d5e5243f8a0
3813,sp_ea3,effect_visual,e,a3,Assets_20260731.swf,54ab0ac2693fbdd0afa0491e122bdbc96d942c2e29bbce81d2f54d5e5243f8a0
3785,sp_ed1,effect_visual,ed,a1,Assets_20260731.swf,54ab0ac2693fbdd0afa0491e122bdbc96d942c2e29bbce81d2f54d5e5243f8a0
3771,Assets_20260702_fla.dark8darkred_2868,embedded_visual,,,Assets_20260731.swf,54ab0ac2693fbdd0afa0491e122bdbc96d942c2e29bbce81d2f54d5e5243f8a0
3768,sp_ed1v2,effect_visual,ed1v,a2,Assets_20260731.swf,54ab0ac2693fbdd0afa0491e122bdbc96d942c2e29bbce81d2f54d5e5243f8a0
3750,Assets_20260702_fla.dark8gray_2879,embedded_visual,,,Assets_20260731.swf,54ab0ac2693fbdd0afa0491e122bdbc96d942c2e29bbce81d2f54d5e5243f8a0
3747,sp_ed3,effect_visual,ed,a3,Assets_20260731.swf,54ab0ac2693fbdd0afa0491e122bdbc96d942c2e29bbce81d2f54d5e5243f8a0
3742,sp_EDoT_a1,effect_visual,EDoT_,a1,Assets_20260731.swf,54ab0ac2693fbdd0afa0491e122bdbc96d942c2e29bbce81d2f54d5e5243f8a0
3726,sp_EDoT_a2,effect_visual,EDoT_,a2,Assets_20260731.swf,54ab0ac2693fbdd0afa0491e122bdbc96d942c2e29bbce81d2f54d5e5243f8a0
3707,sp_EDoT_a3,effect_visual,EDoT_,a3,Assets_20260731.swf,54ab0ac2693fbdd0afa0491e122bdbc96d942c2e29bbce81d2f54d5e5243f8a0
3676,sp_EDoT_a4,effect_visual,EDoT_,a4,Assets_20260731.swf,54ab0ac2693fbdd0afa0491e122bdbc96d942c2e29bbce81d2f54d5e5243f8a0
3668,sp_EDoT_aa,effect_visual,EDoT_,aa,Assets_20260731.swf,54ab0ac2693fbdd0afa0491e122bdbc96d942c2e29bbce81d2f54d5e5243f8a0
3651,sp_ee1,effect_visual,ee,a1,Assets_20260731.swf,54ab0ac2693fbdd0afa0491e122bdbc96d942c2e29bbce81d2f54d5e5243f8a0
3650,Assets_20260702_fla.engery6_2921,embedded_visual,,,Assets_20260731.swf,54ab0ac2693fbdd0afa0491e122bdbc96d942c2e29bbce81d2f54d5e5243f8a0
3645,Assets_20260702_fla.energy5_2920,embedded_visual,,,Assets_20260731.swf,54ab0ac2693fbdd0afa0491e122bdbc96d942c2e29bbce81d2f54d5e5243f8a0
3642,sp_ee2,effect_visual,ee,a2,Assets_20260731.swf,54ab0ac2693fbdd0afa0491e122bdbc96d942c2e29bbce81d2f54d5e5243f8a0
3641,Assets_20260702_fla.engery4xxyy_2933,embedded_visual,,,Assets_20260731.swf,54ab0ac2693fbdd0afa0491e122bdbc96d942c2e29bbce81d2f54d5e5243f8a0
3640,Assets_20260702_fla.engery6xxyy_2932,embedded_visual,,,Assets_20260731.swf,54ab0ac2693fbdd0afa0491e122bdbc96d942c2e29bbce81d2f54d5e5243f8a0
3628,Assets_20260702_fla.energy5xxyy_2928,embedded_visual,,,Assets_20260731.swf,54ab0ac2693fbdd0afa0491e122bdbc96d942c2e29bbce81d2f54d5e5243f8a0
3621,sp_ef1,effect_visual,ef,a1,Assets_20260731.swf,54ab0ac2693fbdd0afa0491e122bdbc96d942c2e29bbce81d2f54d5e5243f8a0
3614,sp_ef2,effect_visual,ef,a2,Assets_20260731.swf,54ab0ac2693fbdd0afa0491e122bdbc96d942c2e29bbce81d2f54d5e5243f8a0
3612,Assets_20260702_fla.fire3_2942,embedded_visual,,,Assets_20260731.swf,54ab0ac2693fbdd0afa0491e122bdbc96d942c2e29bbce81d2f54d5e5243f8a0
3582,sp_ef3,effect_visual,ef,a3,Assets_20260731.swf,54ab0ac2693fbdd0afa0491e122bdbc96d942c2e29bbce81d2f54d5e5243f8a0
3581,Assets_20260702_fla.FireShot_Short_2944,embedded_visual,,,Assets_20260731.swf,54ab0ac2693fbdd0afa0491e122bdbc96d942c2e29bbce81d2f54d5e5243f8a0
3567,sp_ef4,effect_visual,ef,a4,Assets_20260731.swf,54ab0ac2693fbdd0afa0491e122bdbc96d942c2e29bbce81d2f54d5e5243f8a0
3566,Assets_20260702_fla.FlameShield3_2946,embedded_visual,,,Assets_20260731.swf,54ab0ac2693fbdd0afa0491e122bdbc96d942c2e29bbce81d2f54d5e5243f8a0
3551,sp_ef5,effect_visual,ef,a5,Assets_20260731.swf,54ab0ac2693fbdd0afa0491e122bdbc96d942c2e29bbce81d2f54d5e5243f8a0
3549,FireElement,generic,,,Assets_20260731.swf,54ab0ac2693fbdd0afa0491e122bdbc96d942c2e29bbce81d2f54d5e5243f8a0
3539,sp_ef6,effect_visual,,,Assets_20260731.swf,54ab0ac2693fbdd0afa0491e122bdbc96d942c2e29bbce81d2f54d5e5243f8a0
3529,sp_efdl,effect_visual,,,Assets_20260731.swf,54ab0ac2693fbdd0afa0491e122bdbc96d942c2e29bbce81d2f54d5e5243f8a0
3494,sp_efsb,effect_visual,,,Assets_20260731.swf,54ab0ac2693fbdd0afa0491e122bdbc96d942c2e29bbce81d2f54d5e5243f8a0
3491,sp_eh1,effect_visual,eh,a1,Assets_20260731.swf,54ab0ac2693fbdd0afa0491e122bdbc96d942c2e29bbce81d2f54d5e5243f8a0
3490,sp_eh2,effect_visual,eh,a2,Assets_20260731.swf,54ab0ac2693fbdd0afa0491e122bdbc96d942c2e29bbce81d2f54d5e5243f8a0
3489,Assets_20260702_fla.engery4xx_2924,embedded_visual,,,Assets_20260731.swf,54ab0ac2693fbdd0afa0491e122bdbc96d942c2e29bbce81d2f54d5e5243f8a0
3485,Assets_20260702_fla.energy3xx_2923,embedded_visual,,,Assets_20260731.swf,54ab0ac2693fbdd0afa0491e122bdbc96d942c2e29bbce81d2f54d5e5243f8a0
3481,Assets_20260702_fla.energy2xx_2922,embedded_visual,,,Assets_20260731.swf,54ab0ac2693fbdd0afa0491e122bdbc96d942c2e29bbce81d2f54d5e5243f8a0
3455,sp_ei3,effect_visual,ei,a3,Assets_20260731.swf,54ab0ac2693fbdd0afa0491e122bdbc96d942c2e29bbce81d2f54d5e5243f8a0
3438,sp_el2,effect_visual,el,a2,Assets_20260731.swf,54ab0ac2693fbdd0afa0491e122bdbc96d942c2e29bbce81d2f54d5e5243f8a0
3425,sp_el3,effect_visual,el,a3,Assets_20260731.swf,54ab0ac2693fbdd0afa0491e122bdbc96d942c2e29bbce81d2f54d5e5243f8a0
3419,sp_enforcera1,effect_visual,enforcer,a1,Assets_20260731.swf,54ab0ac2693fbdd0afa0491e122bdbc96d942c2e29bbce81d2f54d5e5243f8a0
3409,sp_es,effect_visual,,,Assets_20260731.swf,54ab0ac2693fbdd0afa0491e122bdbc96d942c2e29bbce81d2f54d5e5243f8a0
3404,sp_es1,effect_visual,es,a1,Assets_20260731.swf,54ab0ac2693fbdd0afa0491e122bdbc96d942c2e29bbce81d2f54d5e5243f8a0
3403,Assets_20260702_fla.DarkShuriken_2994,embedded_visual,,,Assets_20260731.swf,54ab0ac2693fbdd0afa0491e122bdbc96d942c2e29bbce81d2f54d5e5243f8a0
3391,sp_es2,effect_visual,es,a2,Assets_20260731.swf,54ab0ac2693fbdd0afa0491e122bdbc96d942c2e29bbce81d2f54d5e5243f8a0
3379,sp_es3,effect_visual,es,a3,Assets_20260731.swf,54ab0ac2693fbdd0afa0491e122bdbc96d942c2e29bbce81d2f54d5e5243f8a0
3378,sp_es4,effect_visual,es,a4,Assets_20260731.swf,54ab0ac2693fbdd0afa0491e122bdbc96d942c2e29bbce81d2f54d5e5243f8a0
3353,sp_es5,effect_visual,es,a5,Assets_20260731.swf,54ab0ac2693fbdd0afa0491e122bdbc96d942c2e29bbce81d2f54d5e5243f8a0
3336,sp_eternala1,effect_visual,eternal,a1,Assets_20260731.swf,54ab0ac2693fbdd0afa0491e122bdbc96d942c2e29bbce81d2f54d5e5243f8a0
3335,sp_eternala2,effect_visual,eternal,a2,Assets_20260731.swf,54ab0ac2693fbdd0afa0491e122bdbc96d942c2e29bbce81d2f54d5e5243f8a0
3323,sp_eternala4,effect_visual,eternal,a4,Assets_20260731.swf,54ab0ac2693fbdd0afa0491e122bdbc96d942c2e29bbce81d2f54d5e5243f8a0
3322,sp_eternala3,effect_visual,eternal,a3,Assets_20260731.swf,54ab0ac2693fbdd0afa0491e122bdbc96d942c2e29bbce81d2f54d5e5243f8a0
3299,sp_exaltha1,effect_visual,exalth,a1,Assets_20260731.swf,54ab0ac2693fbdd0afa0491e122bdbc96d942c2e29bbce81d2f54d5e5243f8a0
3285,sp_exaltha2,effect_visual,exalth,a2,Assets_20260731.swf,54ab0ac2693fbdd0afa0491e122bdbc96d942c2e29bbce81d2f54d5e5243f8a0
3279,sp_exaltha3,effect_visual,exalth,a3,Assets_20260731.swf,54ab0ac2693fbdd0afa0491e122bdbc96d942c2e29bbce81d2f54d5e5243f8a0
3261,sp_frostvba1,effect_visual,frostvb,a1,Assets_20260731.swf,54ab0ac2693fbdd0afa0491e122bdbc96d942c2e29bbce81d2f54d5e5243f8a0
3259,sp_frostvba2,effect_visual,frostvb,a2,Assets_20260731.swf,54ab0ac2693fbdd0afa0491e122bdbc96d942c2e29bbce81d2f54d5e5243f8a0
3255,sp_frostvba3,effect_visual,frostvb,a3,Assets_20260731.swf,54ab0ac2693fbdd0afa0491e122bdbc96d942c2e29bbce81d2f54d5e5243f8a0
3240,sp_frostvba4,effect_visual,frostvb,a4,Assets_20260731.swf,54ab0ac2693fbdd0afa0491e122bdbc96d942c2e29bbce81d2f54d5e5243f8a0
3238,sp_frostvbaa,effect_visual,frostvb,aa,Assets_20260731.swf,54ab0ac2693fbdd0afa0491e122bdbc96d942c2e29bbce81d2f54d5e5243f8a0
3232,sp_FSReav_a1,effect_visual,FSReav_,a1,Assets_20260731.swf,54ab0ac2693fbdd0afa0491e122bdbc96d942c2e29bbce81d2f54d5e5243f8a0
3191,sp_FSReav_a2,effect_visual,FSReav_,a2,Assets_20260731.swf,54ab0ac2693fbdd0afa0491e122bdbc96d942c2e29bbce81d2f54d5e5243f8a0
3173,sp_FSReav_a3,effect_visual,FSReav_,a3,Assets_20260731.swf,54ab0ac2693fbdd0afa0491e122bdbc96d942c2e29bbce81d2f54d5e5243f8a0
3165,sp_FSReav_a4,effect_visual,FSReav_,a4,Assets_20260731.swf,54ab0ac2693fbdd0afa0491e122bdbc96d942c2e29bbce81d2f54d5e5243f8a0
3159,sp_glaber1,effect_visual,glaber,a1,Assets_20260731.swf,54ab0ac2693fbdd0afa0491e122bdbc96d942c2e29bbce81d2f54d5e5243f8a0
3108,sp_glaber2,effect_visual,glaber,a2,Assets_20260731.swf,54ab0ac2693fbdd0afa0491e122bdbc96d942c2e29bbce81d2f54d5e5243f8a0
3091,sp_glaber3,effect_visual,glaber,a3,Assets_20260731.swf,54ab0ac2693fbdd0afa0491e122bdbc96d942c2e29bbce81d2f54d5e5243f8a0
3090,sp_glaber4,effect_visual,glaber,a4,Assets_20260731.swf,54ab0ac2693fbdd0afa0491e122bdbc96d942c2e29bbce81d2f54d5e5243f8a0
3048,sp_hl1a,effect_visual,,,Assets_20260731.swf,54ab0ac2693fbdd0afa0491e122bdbc96d942c2e29bbce81d2f54d5e5243f8a0
3025,sp_hl1a2,effect_visual,hl1,a2,Assets_20260731.swf,54ab0ac2693fbdd0afa0491e122bdbc96d942c2e29bbce81d2f54d5e5243f8a0
2996,sp_ice1,effect_visual,ice,a1,Assets_20260731.swf,54ab0ac2693fbdd0afa0491e122bdbc96d942c2e29bbce81d2f54d5e5243f8a0
2994,sp_ice2,effect_visual,ice,a2,Assets_20260731.swf,54ab0ac2693fbdd0afa0491e122bdbc96d942c2e29bbce81d2f54d5e5243f8a0
2985,sp_inver1,effect_visual,inver,a1,Assets_20260731.swf,54ab0ac2693fbdd0afa0491e122bdbc96d942c2e29bbce81d2f54d5e5243f8a0
2974,sp_inver2,effect_visual,inver,a2,Assets_20260731.swf,54ab0ac2693fbdd0afa0491e122bdbc96d942c2e29bbce81d2f54d5e5243f8a0
2970,sp_inver3,effect_visual,inver,a3,Assets_20260731.swf,54ab0ac2693fbdd0afa0491e122bdbc96d942c2e29bbce81d2f54d5e5243f8a0
2961,sp_inver4,effect_visual,inver,a4,Assets_20260731.swf,54ab0ac2693fbdd0afa0491e122bdbc96d942c2e29bbce81d2f54d5e5243f8a0
2945,sp_KingEchoa1,effect_visual,KingEcho,a1,Assets_20260731.swf,54ab0ac2693fbdd0afa0491e122bdbc96d942c2e29bbce81d2f54d5e5243f8a0
2899,sp_KingEchoa2,effect_visual,KingEcho,a2,Assets_20260731.swf,54ab0ac2693fbdd0afa0491e122bdbc96d942c2e29bbce81d2f54d5e5243f8a0
2898,Assets_20260702_fla.KingEcho_A2Anims_3170,embedded_visual,,,Assets_20260731.swf,54ab0ac2693fbdd0afa0491e122bdbc96d942c2e29bbce81d2f54d5e5243f8a0
2874,sp_KingEchoa3,effect_visual,KingEcho,a3,Assets_20260731.swf,54ab0ac2693fbdd0afa0491e122bdbc96d942c2e29bbce81d2f54d5e5243f8a0
2851,sp_KingEchoa4,effect_visual,KingEcho,a4,Assets_20260731.swf,54ab0ac2693fbdd0afa0491e122bdbc96d942c2e29bbce81d2f54d5e5243f8a0
2747,sp_KingEchoaa,effect_visual,KingEcho,aa,Assets_20260731.swf,54ab0ac2693fbdd0afa0491e122bdbc96d942c2e29bbce81d2f54d5e5243f8a0
2739,Assets_20260702_fla.Class_2025Animations_KingEcho_slashss_3226,embedded_visual,,,Assets_20260731.swf,54ab0ac2693fbdd0afa0491e122bdbc96d942c2e29bbce81d2f54d5e5243f8a0
2719,sp_Legion2026M1,effect_visual,Legion2026M,a1,Assets_20260731.swf,54ab0ac2693fbdd0afa0491e122bdbc96d942c2e29bbce81d2f54d5e5243f8a0
2711,sp_Legion2026M2,effect_visual,Legion2026M,a2,Assets_20260731.swf,54ab0ac2693fbdd0afa0491e122bdbc96d942c2e29bbce81d2f54d5e5243f8a0
2691,sp_Legion2026M3,effect_visual,Legion2026M,a3,Assets_20260731.swf,54ab0ac2693fbdd0afa0491e122bdbc96d942c2e29bbce81d2f54d5e5243f8a0
2648,sp_Legion2026M4,effect_visual,Legion2026M,a4,Assets_20260731.swf,54ab0ac2693fbdd0afa0491e122bdbc96d942c2e29bbce81d2f54d5e5243f8a0
2629,sp_Legion2026M5,effect_visual,Legion2026M,a5,Assets_20260731.swf,54ab0ac2693fbdd0afa0491e122bdbc96d942c2e29bbce81d2f54d5e5243f8a0
2605,sp_legPallya1,effect_visual,legPally,a1,Assets_20260731.swf,54ab0ac2693fbdd0afa0491e122bdbc96d942c2e29bbce81d2f54d5e5243f8a0
2522,sp_legPallya3,effect_visual,legPally,a3,Assets_20260731.swf,54ab0ac2693fbdd0afa0491e122bdbc96d942c2e29bbce81d2f54d5e5243f8a0
2456,sp_legPallya4,effect_visual,legPally,a4,Assets_20260731.swf,54ab0ac2693fbdd0afa0491e122bdbc96d942c2e29bbce81d2f54d5e5243f8a0
2439,sp_Licha1,effect_visual,Lich,a1,Assets_20260731.swf,54ab0ac2693fbdd0afa0491e122bdbc96d942c2e29bbce81d2f54d5e5243f8a0
2438,Assets_20260702_fla._2025_Lich_lsht_3307,embedded_visual,,,Assets_20260731.swf,54ab0ac2693fbdd0afa0491e122bdbc96d942c2e29bbce81d2f54d5e5243f8a0
2429,sp_Licha2,effect_visual,Lich,a2,Assets_20260731.swf,54ab0ac2693fbdd0afa0491e122bdbc96d942c2e29bbce81d2f54d5e5243f8a0
2400,sp_Licha3,effect_visual,Lich,a3,Assets_20260731.swf,54ab0ac2693fbdd0afa0491e122bdbc96d942c2e29bbce81d2f54d5e5243f8a0
2363,sp_Licha4,effect_visual,Lich,a4,Assets_20260731.swf,54ab0ac2693fbdd0afa0491e122bdbc96d942c2e29bbce81d2f54d5e5243f8a0
2362,Assets_20260702_fla._2025_Lich_smkt_3329,embedded_visual,,,Assets_20260731.swf,54ab0ac2693fbdd0afa0491e122bdbc96d942c2e29bbce81d2f54d5e5243f8a0
2348,Assets_20260702_fla._2025_Lich_ManaCrest40_3333,embedded_visual,,,Assets_20260731.swf,54ab0ac2693fbdd0afa0491e122bdbc96d942c2e29bbce81d2f54d5e5243f8a0
2331,sp_Lichaa,effect_visual,Lich,aa,Assets_20260731.swf,54ab0ac2693fbdd0afa0491e122bdbc96d942c2e29bbce81d2f54d5e5243f8a0
2287,Assets_20260702_fla._2025_Lich_dark8darkred_3336,embedded_visual,,,Assets_20260731.swf,54ab0ac2693fbdd0afa0491e122bdbc96d942c2e29bbce81d2f54d5e5243f8a0
2283,sp_Lichp,effect_visual,,,Assets_20260731.swf,54ab0ac2693fbdd0afa0491e122bdbc96d942c2e29bbce81d2f54d5e5243f8a0
2274,sp_lightc1,effect_visual,lightc,a1,Assets_20260731.swf,54ab0ac2693fbdd0afa0491e122bdbc96d942c2e29bbce81d2f54d5e5243f8a0
2271,sp_lightc2,effect_visual,lightc,a2,Assets_20260731.swf,54ab0ac2693fbdd0afa0491e122bdbc96d942c2e29bbce81d2f54d5e5243f8a0
2229,sp_lightc3,effect_visual,lightc,a3,Assets_20260731.swf,54ab0ac2693fbdd0afa0491e122bdbc96d942c2e29bbce81d2f54d5e5243f8a0
2214,sp_lightc4,effect_visual,lightc,a4,Assets_20260731.swf,54ab0ac2693fbdd0afa0491e122bdbc96d942c2e29bbce81d2f54d5e5243f8a0
2179,sp_mod1,effect_visual,mod,a1,Assets_20260731.swf,54ab0ac2693fbdd0afa0491e122bdbc96d942c2e29bbce81d2f54d5e5243f8a0
2178,Assets_20260702_fla.Deathmark_MODMain_3371,embedded_visual,,,Assets_20260731.swf,54ab0ac2693fbdd0afa0491e122bdbc96d942c2e29bbce81d2f54d5e5243f8a0
2158,sp_moga4,effect_visual,mog,a4,Assets_20260731.swf,54ab0ac2693fbdd0afa0491e122bdbc96d942c2e29bbce81d2f54d5e5243f8a0
1846,sp_necrono_a1,effect_visual,necrono_,a1,Assets_20260731.swf,54ab0ac2693fbdd0afa0491e122bdbc96d942c2e29bbce81d2f54d5e5243f8a0
1841,sp_necrono_a2,effect_visual,necrono_,a2,Assets_20260731.swf,54ab0ac2693fbdd0afa0491e122bdbc96d942c2e29bbce81d2f54d5e5243f8a0
1817,sp_necrono_a3,effect_visual,necrono_,a3,Assets_20260731.swf,54ab0ac2693fbdd0afa0491e122bdbc96d942c2e29bbce81d2f54d5e5243f8a0
1811,sp_necrono_a4,effect_visual,necrono_,a4,Assets_20260731.swf,54ab0ac2693fbdd0afa0491e122bdbc96d942c2e29bbce81d2f54d5e5243f8a0
1789,sp_necrono_aa,effect_visual,necrono_,aa,Assets_20260731.swf,54ab0ac2693fbdd0afa0491e122bdbc96d942c2e29bbce81d2f54d5e5243f8a0
1770,sp_newlegiondk,effect_visual,,,Assets_20260731.swf,54ab0ac2693fbdd0afa0491e122bdbc96d942c2e29bbce81d2f54d5e5243f8a0
1720,sp_ninja1,effect_visual,ninj,a1,Assets_20260731.swf,54ab0ac2693fbdd0afa0491e122bdbc96d942c2e29bbce81d2f54d5e5243f8a0
1707,Assets_20260702_fla.Symbol211_3578,embedded_visual,,,Assets_20260731.swf,54ab0ac2693fbdd0afa0491e122bdbc96d942c2e29bbce81d2f54d5e5243f8a0
1702,sp_ninja2,effect_visual,ninj,a2,Assets_20260731.swf,54ab0ac2693fbdd0afa0491e122bdbc96d942c2e29bbce81d2f54d5e5243f8a0
1616,sp_ninja3,effect_visual,ninj,a3,Assets_20260731.swf,54ab0ac2693fbdd0afa0491e122bdbc96d942c2e29bbce81d2f54d5e5243f8a0
1586,sp_ninja4,effect_visual,ninj,a4,Assets_20260731.swf,54ab0ac2693fbdd0afa0491e122bdbc96d942c2e29bbce81d2f54d5e5243f8a0
1536,sp_ninja5,effect_visual,ninj,a5,Assets_20260731.swf,54ab0ac2693fbdd0afa0491e122bdbc96d942c2e29bbce81d2f54d5e5243f8a0
1462,sp_ninjaa1,effect_visual,ninja,a1,Assets_20260731.swf,54ab0ac2693fbdd0afa0491e122bdbc96d942c2e29bbce81d2f54d5e5243f8a0
1457,sp_NotAModa4,effect_visual,NotAMod,a4,Assets_20260731.swf,54ab0ac2693fbdd0afa0491e122bdbc96d942c2e29bbce81d2f54d5e5243f8a0
1426,sp_PCMa1,effect_visual,PCM,a1,Assets_20260731.swf,54ab0ac2693fbdd0afa0491e122bdbc96d942c2e29bbce81d2f54d5e5243f8a0
1417,sp_PCMa2,effect_visual,PCM,a2,Assets_20260731.swf,54ab0ac2693fbdd0afa0491e122bdbc96d942c2e29bbce81d2f54d5e5243f8a0
1399,sp_PCMa3,effect_visual,PCM,a3,Assets_20260731.swf,54ab0ac2693fbdd0afa0491e122bdbc96d942c2e29bbce81d2f54d5e5243f8a0
1383,sp_PCMa4,effect_visual,PCM,a4,Assets_20260731.swf,54ab0ac2693fbdd0afa0491e122bdbc96d942c2e29bbce81d2f54d5e5243f8a0
1364,sp_PCMaa,effect_visual,PCM,aa,Assets_20260731.swf,54ab0ac2693fbdd0afa0491e122bdbc96d942c2e29bbce81d2f54d5e5243f8a0
1291,sp_pslayera1,effect_visual,pslayer,a1,Assets_20260731.swf,54ab0ac2693fbdd0afa0491e122bdbc96d942c2e29bbce81d2f54d5e5243f8a0
1266,sp_pslayera2,effect_visual,pslayer,a2,Assets_20260731.swf,54ab0ac2693fbdd0afa0491e122bdbc96d942c2e29bbce81d2f54d5e5243f8a0
1221,sp_pslayera3,effect_visual,pslayer,a3,Assets_20260731.swf,54ab0ac2693fbdd0afa0491e122bdbc96d942c2e29bbce81d2f54d5e5243f8a0
1220,Assets_20260702_fla.HM_PaladinSlayer2026_Attack4_3673,embedded_visual,,,Assets_20260731.swf,54ab0ac2693fbdd0afa0491e122bdbc96d942c2e29bbce81d2f54d5e5243f8a0
1200,sp_pslayera4,effect_visual,pslayer,a4,Assets_20260731.swf,54ab0ac2693fbdd0afa0491e122bdbc96d942c2e29bbce81d2f54d5e5243f8a0
1199,Assets_20260702_fla.HM_PaladinSlayer2026_ChargeAttack_3684,embedded_visual,,,Assets_20260731.swf,54ab0ac2693fbdd0afa0491e122bdbc96d942c2e29bbce81d2f54d5e5243f8a0
1131,sp_pslayeraa,effect_visual,pslayer,aa,Assets_20260731.swf,54ab0ac2693fbdd0afa0491e122bdbc96d942c2e29bbce81d2f54d5e5243f8a0
1106,Assets_20260702_fla.HM_PaladinSlayer2026_Miltonius_1_dark9_3696,embedded_visual,,,Assets_20260731.swf,54ab0ac2693fbdd0afa0491e122bdbc96d942c2e29bbce81d2f54d5e5243f8a0
1101,sp_qchronoa1,effect_visual,qchrono,a1,Assets_20260731.swf,54ab0ac2693fbdd0afa0491e122bdbc96d942c2e29bbce81d2f54d5e5243f8a0
1098,Assets_20260702_fla.shatglasscopy2_3708,embedded_visual,,,Assets_20260731.swf,54ab0ac2693fbdd0afa0491e122bdbc96d942c2e29bbce81d2f54d5e5243f8a0
1095,Assets_20260702_fla.shatglasscopy_3707,embedded_visual,,,Assets_20260731.swf,54ab0ac2693fbdd0afa0491e122bdbc96d942c2e29bbce81d2f54d5e5243f8a0
1092,sp_qchronoa1v2,effect_visual,qchronoa1v,a2,Assets_20260731.swf,54ab0ac2693fbdd0afa0491e122bdbc96d942c2e29bbce81d2f54d5e5243f8a0
1091,Assets_20260702_fla.shatglasscopyv2_3711,embedded_visual,,,Assets_20260731.swf,54ab0ac2693fbdd0afa0491e122bdbc96d942c2e29bbce81d2f54d5e5243f8a0
1088,sp_qchronoa2,effect_visual,qchrono,a2,Assets_20260731.swf,54ab0ac2693fbdd0afa0491e122bdbc96d942c2e29bbce81d2f54d5e5243f8a0
1068,sp_qchronoa3,effect_visual,qchrono,a3,Assets_20260731.swf,54ab0ac2693fbdd0afa0491e122bdbc96d942c2e29bbce81d2f54d5e5243f8a0
1039,Assets_20260702_fla.greencodephaser_3720,embedded_visual,,,Assets_20260731.swf,54ab0ac2693fbdd0afa0491e122bdbc96d942c2e29bbce81d2f54d5e5243f8a0
1028,sp_qchronoa4,effect_visual,qchrono,a4,Assets_20260731.swf,54ab0ac2693fbdd0afa0491e122bdbc96d942c2e29bbce81d2f54d5e5243f8a0
1026,Assets_20260702_fla.greencodephaser_3764,embedded_visual,,,Assets_20260731.swf,54ab0ac2693fbdd0afa0491e122bdbc96d942c2e29bbce81d2f54d5e5243f8a0
961,sp_qchronoaa,effect_visual,qchrono,aa,Assets_20260731.swf,54ab0ac2693fbdd0afa0491e122bdbc96d942c2e29bbce81d2f54d5e5243f8a0
938,sp_shadowsGena1,effect_visual,shadowsGen,a1,Assets_20260731.swf,54ab0ac2693fbdd0afa0491e122bdbc96d942c2e29bbce81d2f54d5e5243f8a0
932,sp_shadowsGena2,effect_visual,shadowsGen,a2,Assets_20260731.swf,54ab0ac2693fbdd0afa0491e122bdbc96d942c2e29bbce81d2f54d5e5243f8a0
931,sp_shadowsGena3,effect_visual,shadowsGen,a3,Assets_20260731.swf,54ab0ac2693fbdd0afa0491e122bdbc96d942c2e29bbce81d2f54d5e5243f8a0
899,sp_shadowsGena4,effect_visual,shadowsGen,a4,Assets_20260731.swf,54ab0ac2693fbdd0afa0491e122bdbc96d942c2e29bbce81d2f54d5e5243f8a0
873,sp_shadw1,effect_visual,shadw,a1,Assets_20260731.swf,54ab0ac2693fbdd0afa0491e122bdbc96d942c2e29bbce81d2f54d5e5243f8a0
861,sp_shadw2,effect_visual,shadw,a2,Assets_20260731.swf,54ab0ac2693fbdd0afa0491e122bdbc96d942c2e29bbce81d2f54d5e5243f8a0
838,sp_shadw3,effect_visual,shadw,a3,Assets_20260731.swf,54ab0ac2693fbdd0afa0491e122bdbc96d942c2e29bbce81d2f54d5e5243f8a0
836,sp_shadw4,effect_visual,shadw,a4,Assets_20260731.swf,54ab0ac2693fbdd0afa0491e122bdbc96d942c2e29bbce81d2f54d5e5243f8a0
787,Assets_20260702_fla.mcCapecopy_994,embedded_visual,,,Assets_20260731.swf,54ab0ac2693fbdd0afa0491e122bdbc96d942c2e29bbce81d2f54d5e5243f8a0
786,sp_shadwaa,effect_visual,shadw,aa,Assets_20260731.swf,54ab0ac2693fbdd0afa0491e122bdbc96d942c2e29bbce81d2f54d5e5243f8a0
763,sp_sp1,effect_visual,s,p1,Assets_20260731.swf,54ab0ac2693fbdd0afa0491e122bdbc96d942c2e29bbce81d2f54d5e5243f8a0
757,sp_ssorc1,effect_visual,ssorc,a1,Assets_20260731.swf,54ab0ac2693fbdd0afa0491e122bdbc96d942c2e29bbce81d2f54d5e5243f8a0
732,sp_ssorc2,effect_visual,ssorc,a2,Assets_20260731.swf,54ab0ac2693fbdd0afa0491e122bdbc96d942c2e29bbce81d2f54d5e5243f8a0
712,sp_ssorc3,effect_visual,ssorc,a3,Assets_20260731.swf,54ab0ac2693fbdd0afa0491e122bdbc96d942c2e29bbce81d2f54d5e5243f8a0
658,sp_ssorc4,effect_visual,ssorc,a4,Assets_20260731.swf,54ab0ac2693fbdd0afa0491e122bdbc96d942c2e29bbce81d2f54d5e5243f8a0
646,sp_ssorcaa,effect_visual,ssorc,aa,Assets_20260731.swf,54ab0ac2693fbdd0afa0491e122bdbc96d942c2e29bbce81d2f54d5e5243f8a0
645,sp_sun,effect_visual,,,Assets_20260731.swf,54ab0ac2693fbdd0afa0491e122bdbc96d942c2e29bbce81d2f54d5e5243f8a0
644,Assets_20260702_fla.Sun_sun_3837,embedded_visual,,,Assets_20260731.swf,54ab0ac2693fbdd0afa0491e122bdbc96d942c2e29bbce81d2f54d5e5243f8a0
632,Assets_20260702_fla.Sun_shock_3838,embedded_visual,,,Assets_20260731.swf,54ab0ac2693fbdd0afa0491e122bdbc96d942c2e29bbce81d2f54d5e5243f8a0
622,sp_UUG25a3,effect_visual,UUG25,a3,Assets_20260731.swf,54ab0ac2693fbdd0afa0491e122bdbc96d942c2e29bbce81d2f54d5e5243f8a0
616,sp_UUG25a4,effect_visual,UUG25,a4,Assets_20260731.swf,54ab0ac2693fbdd0afa0491e122bdbc96d942c2e29bbce81d2f54d5e5243f8a0
563,sp_vamplorda1,effect_visual,vamplord,a1,Assets_20260731.swf,54ab0ac2693fbdd0afa0491e122bdbc96d942c2e29bbce81d2f54d5e5243f8a0
555,sp_vamplorda3,effect_visual,vamplord,a3,Assets_20260731.swf,54ab0ac2693fbdd0afa0491e122bdbc96d942c2e29bbce81d2f54d5e5243f8a0
512,sp_vamplordaa,effect_visual,vamplord,aa,Assets_20260731.swf,54ab0ac2693fbdd0afa0491e122bdbc96d942c2e29bbce81d2f54d5e5243f8a0
499,sp_vamplordbat,effect_visual,,,Assets_20260731.swf,54ab0ac2693fbdd0afa0491e122bdbc96d942c2e29bbce81d2f54d5e5243f8a0
498,Assets_20260702_fla.vampirebat_3884,embedded_visual,,,Assets_20260731.swf,54ab0ac2693fbdd0afa0491e122bdbc96d942c2e29bbce81d2f54d5e5243f8a0
444,Verusa1,skill_visual,Verus,a1,Assets_20260731.swf,54ab0ac2693fbdd0afa0491e122bdbc96d942c2e29bbce81d2f54d5e5243f8a0
427,Verusa2,skill_visual,Verus,a2,Assets_20260731.swf,54ab0ac2693fbdd0afa0491e122bdbc96d942c2e29bbce81d2f54d5e5243f8a0
414,Verusa3,skill_visual,Verus,a3,Assets_20260731.swf,54ab0ac2693fbdd0afa0491e122bdbc96d942c2e29bbce81d2f54d5e5243f8a0
394,Verusa4aura,aura_visual,,,Assets_20260731.swf,54ab0ac2693fbdd0afa0491e122bdbc96d942c2e29bbce81d2f54d5e5243f8a0
393,Assets_20260702_fla.verusanima4aura_3931,aura_visual,Assets_20260702_fla.verusanima4aura_393,a1,Assets_20260731.swf,54ab0ac2693fbdd0afa0491e122bdbc96d942c2e29bbce81d2f54d5e5243f8a0
390,Verusa4explode,generic,,,Assets_20260731.swf,54ab0ac2693fbdd0afa0491e122bdbc96d942c2e29bbce81d2f54d5e5243f8a0
352,Verusaa,skill_visual,Verus,aa,Assets_20260731.swf,54ab0ac2693fbdd0afa0491e122bdbc96d942c2e29bbce81d2f54d5e5243f8a0
316,sp_voidha1,effect_visual,voidh,a1,Assets_20260731.swf,54ab0ac2693fbdd0afa0491e122bdbc96d942c2e29bbce81d2f54d5e5243f8a0
292,sp_voidha2,effect_visual,voidh,a2,Assets_20260731.swf,54ab0ac2693fbdd0afa0491e122bdbc96d942c2e29bbce81d2f54d5e5243f8a0
282,sp_voidha3,effect_visual,voidh,a3,Assets_20260731.swf,54ab0ac2693fbdd0afa0491e122bdbc96d942c2e29bbce81d2f54d5e5243f8a0
259,sp_voidha4,effect_visual,voidh,a4,Assets_20260731.swf,54ab0ac2693fbdd0afa0491e122bdbc96d942c2e29bbce81d2f54d5e5243f8a0
184,sp_voidhaa,effect_visual,voidh,aa,Assets_20260731.swf,54ab0ac2693fbdd0afa0491e122bdbc96d942c2e29bbce81d2f54d5e5243f8a0
183,Assets_20260702_fla.voidhWALL_3985,embedded_visual,,,Assets_20260731.swf,54ab0ac2693fbdd0afa0491e122bdbc96d942c2e29bbce81d2f54d5e5243f8a0
156,sp_wtr,effect_visual,,,Assets_20260731.swf,54ab0ac2693fbdd0afa0491e122bdbc96d942c2e29bbce81d2f54d5e5243f8a0
143,sp_ed1old,effect_visual,,,Assets_20260731.swf,54ab0ac2693fbdd0afa0491e122bdbc96d942c2e29bbce81d2f54d5e5243f8a0
117,Assets_20260702_fla.dark8red_3990,embedded_visual,,,Assets_20260731.swf,54ab0ac2693fbdd0afa0491e122bdbc96d942c2e29bbce81d2f54d5e5243f8a0
114,Than_a3,skill_visual,Than_,a3,Assets_20260731.swf,54ab0ac2693fbdd0afa0491e122bdbc96d942c2e29bbce81d2f54d5e5243f8a0
110,Than_p2,skill_visual,Than_,p2,Assets_20260731.swf,54ab0ac2693fbdd0afa0491e122bdbc96d942c2e29bbce81d2f54d5e5243f8a0
98,Than_a2,skill_visual,Than_,a2,Assets_20260731.swf,54ab0ac2693fbdd0afa0491e122bdbc96d942c2e29bbce81d2f54d5e5243f8a0
30,than_a1,skill_visual,than_,a1,Assets_20260731.swf,54ab0ac2693fbdd0afa0491e122bdbc96d942c2e29bbce81d2f54d5e5243f8a0
20,a4,generic,,,Assets_20260731.swf,54ab0ac2693fbdd0afa0491e122bdbc96d942c2e29bbce81d2f54d5e5243f8a0
18,Achievement,generic,,,Assets_20260731.swf,54ab0ac2693fbdd0afa0491e122bdbc96d942c2e29bbce81d2f54d5e5243f8a0
17,Bad,sound,,,Assets_20260731.swf,54ab0ac2693fbdd0afa0491e122bdbc96d942c2e29bbce81d2f54d5e5243f8a0
16,Click,sound,,,Assets_20260731.swf,54ab0ac2693fbdd0afa0491e122bdbc96d942c2e29bbce81d2f54d5e5243f8a0
15,ClickBig,sound,,,Assets_20260731.swf,54ab0ac2693fbdd0afa0491e122bdbc96d942c2e29bbce81d2f54d5e5243f8a0
14,ClickMagic,sound,,,Assets_20260731.swf,54ab0ac2693fbdd0afa0491e122bdbc96d942c2e29bbce81d2f54d5e5243f8a0
13,Coins,sound,,,Assets_20260731.swf,54ab0ac2693fbdd0afa0491e122bdbc96d942c2e29bbce81d2f54d5e5243f8a0
12,Energy,sound,,,Assets_20260731.swf,54ab0ac2693fbdd0afa0491e122bdbc96d942c2e29bbce81d2f54d5e5243f8a0
11,Evil,sound,,,Assets_20260731.swf,54ab0ac2693fbdd0afa0491e122bdbc96d942c2e29bbce81d2f54d5e5243f8a0
10,Fire,sound,,,Assets_20260731.swf,54ab0ac2693fbdd0afa0491e122bdbc96d942c2e29bbce81d2f54d5e5243f8a0
9,Good,sound,,,Assets_20260731.swf,54ab0ac2693fbdd0afa0491e122bdbc96d942c2e29bbce81d2f54d5e5243f8a0
8,Heal,sound,,,Assets_20260731.swf,54ab0ac2693fbdd0afa0491e122bdbc96d942c2e29bbce81d2f54d5e5243f8a0
7,Hit1,sound,,,Assets_20260731.swf,54ab0ac2693fbdd0afa0491e122bdbc96d942c2e29bbce81d2f54d5e5243f8a0
6,Hit2,sound,,,Assets_20260731.swf,54ab0ac2693fbdd0afa0491e122bdbc96d942c2e29bbce81d2f54d5e5243f8a0
5,Hit3,sound,,,Assets_20260731.swf,54ab0ac2693fbdd0afa0491e122bdbc96d942c2e29bbce81d2f54d5e5243f8a0
4,Miss,sound,,,Assets_20260731.swf,54ab0ac2693fbdd0afa0491e122bdbc96d942c2e29bbce81d2f54d5e5243f8a0
3,VeryGood,sound,,,Assets_20260731.swf,54ab0ac2693fbdd0afa0491e122bdbc96d942c2e29bbce81d2f54d5e5243f8a0
2,Water,sound,,,Assets_20260731.swf,54ab0ac2693fbdd0afa0491e122bdbc96d942c2e29bbce81d2f54d5e5243f8a0
1,Wind,sound,,,Assets_20260731.swf,54ab0ac2693fbdd0afa0491e122bdbc96d942c2e29bbce81d2f54d5e5243f8a0
